Name,API Name,Memory,Storage,vCPUs,Network Performance,PostgreSQL (Monthly),PostgreSQL Reserved Cost (Monthly),MySQL On Demand Cost (Monthly),MySQL Reserved Cost (Monthly),SQL Server Expresss On Demand Cost (Monthly),SQL Server Expresss Reserved Cost (Monthly),SQL Server Web On Demand Cost (Monthly),SQL Server Web Reserved Cost (Monthly),SQL Server Standard On Demand Cost (Monthly),SQL Server Standard Reserved Cost (Monthly),SQL Server Enterprise On Demand Cost (Monthly),SQL Server Enterprise Reserved Cost (Monthly),Aurora Postgres & MySQL On Demand Cost (Monthly),Aurora Postgres & MySQL Reserved Cost (Monthly),Aurora I/O Optimized On Demand Cost (Monthly),MariaDB On Demand Cost (Monthly),MariaDB Reserved Cost (Monthly),Oracle Enterprise On Demand Cost (Monthly),Oracle Enterprise Reserved Cost (Monthly)
M1 General Purpose Large,db.m1.large,7.5,2 x 420,2,Moderate,$178.85 ,unavailable,$167.90 ,unavailable,unavailable,unavailable,unavailable,unavailable,unavailable,unavailable,unavailable,unavailable,unavailable,unavailable,unavailable,unavailable,unavailable,unavailable,unavailable
M1 General Purpose Medium,db.m1.medium,3.75,1 x 410,1,Moderate,$87.60 ,unavailable,$83.95 ,unavailable,unavailable,unavailable,unavailable,unavailable,unavailable,unavailable,unavailable,unavailable,unavailable,unavailable,unavailable,unavailable,unavailable,unavailable,unavailable
M1 General Purpose Small,db.m1.small,1.7,1 x 160,1,Low,$43.80 ,unavailable,$40.15 ,unavailable,unavailable,unavailable,unavailable,unavailable,unavailable,unavailable,unavailable,unavailable,unavailable,unavailable,unavailable,unavailable,unavailable,unavailable,unavailable
M1 General Purpose Extra Large,db.m1.xlarge,15,4 x 420,4,High,$357.70 ,unavailable,$339.45 ,unavailable,unavailable,unavailable,unavailable,unavailable,unavailable,unavailable,unavailable,unavailable,unavailable,unavailable,unavailable,unavailable,unavailable,unavailable,unavailable
M2 High Memory Double Extra Large,db.m2.2xlarge,34.2,1 x 850,4,Moderate,$503.70 ,unavailable,$481.80 ,unavailable,unavailable,unavailable,unavailable,unavailable,unavailable,unavailable,unavailable,unavailable,unavailable,unavailable,unavailable,unavailable,unavailable,unavailable,unavailable
M2 High Memory Quadruple Extra Large,db.m2.4xlarge,68.4,2 x 840,8,High,"$1,014.70 ",unavailable,$963.60 ,unavailable,unavailable,unavailable,unavailable,unavailable,unavailable,unavailable,unavailable,unavailable,unavailable,unavailable,unavailable,unavailable,unavailable,unavailable,unavailable
M2 High Memory Extra Large,db.m2.xlarge,17.1,1 x 420,2,Moderate,$251.85 ,unavailable,$240.90 ,unavailable,unavailable,unavailable,unavailable,unavailable,unavailable,unavailable,unavailable,unavailable,unavailable,unavailable,unavailable,unavailable,unavailable,unavailable,unavailable
M3 General Purpose Double Extra Large,db.m3.2xlarge,30,2 x 80 SSD,8,High,$565.75 ,unavailable,$540.20 ,unavailable,unavailable,unavailable,unavailable,unavailable,unavailable,unavailable,unavailable,unavailable,unavailable,unavailable,unavailable,$540.20 ,unavailable,$540.20 ,unavailable
M3 General Purpose Large,db.m3.large,7.5,1 x 32 SSD,2,Moderate,$142.35 ,unavailable,$135.05 ,unavailable,unavailable,unavailable,unavailable,unavailable,unavailable,unavailable,unavailable,unavailable,unavailable,unavailable,unavailable,$135.05 ,unavailable,$135.05 ,unavailable
M3 General Purpose Medium,db.m3.medium,3.75,1 x 4 SSD,1,Moderate,$69.35 ,unavailable,$65.70 ,unavailable,unavailable,unavailable,unavailable,unavailable,unavailable,unavailable,unavailable,unavailable,unavailable,unavailable,unavailable,$65.70 ,unavailable,$65.70 ,unavailable
M3 General Purpose Extra Large,db.m3.xlarge,15,2 x 40 SSD,4,High,$284.70 ,unavailable,$270.10 ,unavailable,unavailable,unavailable,unavailable,unavailable,unavailable,unavailable,unavailable,unavailable,unavailable,unavailable,unavailable,$270.10 ,unavailable,$270.10 ,unavailable
M4 General Purpose Deca Extra Large,db.m4.10xlarge,160,EBS Only,40,10 Gigabit,"$2,667.42 ",unavailable,"$2,556.46 ",unavailable,unavailable,unavailable,unavailable,unavailable,"$8,935.20 ",unavailable,"$17,054.26 ",unavailable,unavailable,unavailable,unavailable,"$2,556.46 ",unavailable,"$2,556.46 ",unavailable
M4 General Purpose 16xlarge Extra Large,db.m4.16xlarge,256,EBS Only,64,20 Gigabit,"$4,266.12 ",unavailable,"$4,088.00 ",unavailable,unavailable,unavailable,unavailable,unavailable,"$14,296.32 ",unavailable,"$27,284.48 ",unavailable,unavailable,unavailable,unavailable,"$4,088.00 ",unavailable,"$4,092.67 ",unavailable
M4 General Purpose Double Extra Large,db.m4.2xlarge,32,EBS Only,8,High,$532.90 ,unavailable,$511.00 ,unavailable,unavailable,unavailable,$804.46 ,unavailable,"$1,860.04 ",unavailable,"$3,410.56 ",unavailable,unavailable,unavailable,unavailable,$511.00 ,unavailable,$511.00 ,unavailable
M4 General Purpose Quadruple Extra Large,db.m4.4xlarge,64,EBS Only,16,High,"$1,066.53 ",unavailable,"$1,022.73 ",unavailable,unavailable,unavailable,"$1,640.31 ",unavailable,"$3,684.31 ",unavailable,"$6,821.85 ",unavailable,unavailable,unavailable,unavailable,"$1,022.73 ",unavailable,"$1,022.73 ",unavailable
M4 General Purpose Large,db.m4.large,8,EBS Only,2,Moderate,$132.86 ,unavailable,$127.75 ,unavailable,unavailable,unavailable,$227.03 ,unavailable,$713.21 ,unavailable,unavailable,unavailable,unavailable,unavailable,unavailable,$127.75 ,unavailable,$127.75 ,unavailable
M4 General Purpose Extra Large,db.m4.xlarge,16,EBS Only,4,High,$266.45 ,unavailable,$255.50 ,unavailable,unavailable,unavailable,$394.20 ,unavailable,$893.52 ,unavailable,"$1,705.28 ",unavailable,unavailable,unavailable,unavailable,$255.50 ,unavailable,$255.50 ,unavailable
M5 12xlarge Extra Large,db.m5.12xlarge,192,EBS Only,48,10 Gigabit,"$3,118.56 ","$1,997.43 ","$2,995.92 ","$1,918.88 ",unavailable,unavailable,unavailable,unavailable,"$10,722.24 ","$9,110.40 ","$20,463.36 ","$19,639.92 ",unavailable,unavailable,unavailable,"$2,995.92 ","$1,918.88 ","$2,995.92 ","$1,851.21 "
M5 16xlarge Extra Large,db.m5.16xlarge,256,EBS Only,64,20 Gigabit,"$4,158.08 ","$2,663.04 ","$3,993.10 ","$2,557.92 ",unavailable,unavailable,unavailable,unavailable,"$14,296.32 ","$10,896.56 ","$27,284.48 ","$27,400.70 ",unavailable,unavailable,unavailable,"$3,993.10 ","$2,557.92 ","$3,994.56 ","$2,474.63 "
M5 24xlarge,db.m5.24xlarge,384,EBS Only,96,25 Gigabit,"$6,237.12 ","$3,994.85 ","$5,991.84 ","$3,837.76 ",unavailable,unavailable,unavailable,unavailable,"$21,444.48 ","$18,220.80 ","$40,926.72 ","$39,279.84 ",unavailable,unavailable,unavailable,"$5,991.84 ","$3,837.76 ","$5,991.84 ","$3,702.49 "
M5 Double Extra Large,db.m5.2xlarge,32,EBS Only,8,Up to 10 Gigabit,$519.76 ,$332.88 ,$499.32 ,$319.81 ,unavailable,unavailable,$804.46 ,$607.36 ,"$1,860.04 ","$1,518.40 ","$3,410.56 ","$3,273.32 ",unavailable,unavailable,unavailable,$499.32 ,$319.81 ,$499.32 ,$308.57 
M5 Quadruple Extra Large,db.m5.4xlarge,64,EBS Only,16,Up to 10 Gigabit,"$1,039.52 ",$665.83 ,$998.64 ,$639.63 ,unavailable,unavailable,"$1,640.31 ","$1,214.72 ","$3,684.31 ","$3,036.80 ","$6,821.85 ","$6,546.64 ",unavailable,unavailable,unavailable,$998.64 ,$639.63 ,$998.64 ,$617.07 
M5 Eight Extra Large,db.m5.8xlarge,128,EBS Only,32,10 Gigabit,"$2,079.04 ","$1,331.52 ","$2,000.20 ","$1,278.96 ",unavailable,unavailable,unavailable,unavailable,"$7,148.16 ","$5,448.28 ","$13,642.24 ","$13,700.35 ",unavailable,unavailable,unavailable,"$2,000.20 ","$1,278.96 ","$1,997.28 ","$1,237.35 "
M5 Large,db.m5.large,8,EBS Only,2,Up to 10 Gigabit,$129.94 ,$83.22 ,$124.83 ,$79.94 ,unavailable,unavailable,$227.03 ,$167.17 ,$713.21 ,$623.42 ,unavailable,unavailable,unavailable,unavailable,unavailable,$124.83 ,$79.94 ,$124.83 ,$77.16 
M5 Extra Large,db.m5.xlarge,16,EBS Only,4,Up to 10 Gigabit,$259.88 ,$166.44 ,$249.66 ,$159.94 ,unavailable,unavailable,$394.20 ,$303.68 ,$893.52 ,$759.20 ,"$1,705.28 ","$1,636.66 ",unavailable,unavailable,unavailable,$249.66 ,$159.94 ,$249.66 ,$154.25 
M5D 12xlarge Extra Large,db.m5d.12xlarge,192,2 x 900 NVMe SSD,48,12 Gbps,"$3,670.44 ","$2,826.49 ","$3,670.44 ","$2,826.49 ",unavailable,unavailable,unavailable,unavailable,"$11,304.78 ","$8,902.50 ","$20,914.50 ","$20,287.07 ",unavailable,unavailable,unavailable,"$3,670.44 ","$2,826.49 ","$3,525.90 ","$2,522.88 "
M5D 16xlarge Extra Large,db.m5d.16xlarge,256,4 x 600 NVMe SSD,64,20 Gbps,"$4,894.65 ","$3,768.70 ","$4,894.65 ","$3,768.70 ",unavailable,unavailable,unavailable,unavailable,"$15,073.04 ","$11,870.02 ","$27,886.00 ","$27,049.42 ",unavailable,unavailable,unavailable,"$4,894.65 ","$3,768.70 ","$4,701.93 ","$3,363.84 "
M5D 24xlarge,db.m5d.24xlarge,384,4 x 900 NVMe SSD,96,25 Gbps,"$7,341.61 ","$5,653.05 ","$7,341.61 ","$5,653.05 ",unavailable,unavailable,unavailable,unavailable,"$22,609.56 ","$17,805.07 ","$41,829.00 ","$40,574.13 ",unavailable,unavailable,unavailable,"$7,341.61 ","$5,653.05 ","$7,052.53 ","$5,045.76 "
M5D Double Extra Large,db.m5d.2xlarge,32,1 x 300 NVMe SSD,8,Up to 10 Gbps,$611.74 ,$471.07 ,$611.74 ,$471.07 ,unavailable,unavailable,$871.62 ,$594.73 ,"$1,884.13 ","$1,483.73 ","$3,485.75 ","$3,381.21 ",unavailable,unavailable,unavailable,$611.74 ,$471.07 ,$587.65 ,$420.48 
M5D Quadruple Extra Large,db.m5d.4xlarge,64,2 x 300 NVMe SSD,16,Up to 10 Gbps,"$1,223.48 ",$942.14 ,"$1,223.48 ",$942.14 ,unavailable,unavailable,"$1,743.24 ","$1,189.54 ","$3,768.26 ","$2,967.52 ","$6,971.50 ","$6,762.36 ",unavailable,unavailable,unavailable,"$1,223.48 ",$942.14 ,"$1,175.30 ",$840.96 
M5D Eight Extra Large,db.m5d.8xlarge,128,2 x 600 NVMe SSD,32,10 Gbps,"$2,446.96 ","$1,884.35 ","$2,446.96 ","$1,884.35 ",unavailable,unavailable,unavailable,unavailable,"$7,536.52 ","$5,935.05 ","$13,943.00 ","$13,524.71 ",unavailable,unavailable,unavailable,"$2,446.96 ","$1,884.35 ","$2,350.60 ","$1,681.92 "
M5D Large,db.m5d.large,8,1 x 75 NVMe SSD,2,Up to 10 Gbps,$153.30 ,$117.75 ,$153.30 ,$117.75 ,unavailable,unavailable,$248.93 ,$170.02 ,$724.89 ,$571.01 ,unavailable,unavailable,unavailable,unavailable,unavailable,$153.30 ,$117.75 ,$146.73 ,$105.12 
M5D Extra Large,db.m5d.xlarge,16,1 x 150 NVMe SSD,4,Up to 10 Gbps,$305.87 ,$235.57 ,$305.87 ,$235.57 ,unavailable,unavailable,$436.54 ,$297.69 ,$942.43 ,$741.90 ,"$1,743.24 ","$1,690.61 ",unavailable,unavailable,unavailable,$305.87 ,$235.57 ,$294.19 ,$210.24 
M6G 12xlarge Extra Large,db.m6g.12xlarge,192,EBS Only,48,12 gigabit,"$2,785.68 ","$1,784.12 ","$2,663.04 ","$1,705.28 ",unavailable,unavailable,unavailable,unavailable,unavailable,unavailable,unavailable,unavailable,unavailable,unavailable,unavailable,"$2,663.04 ","$1,705.28 ",unavailable,unavailable
M6G 16xlarge Extra Large,db.m6g.16xlarge,256,EBS Only,64,25 Gigabit,"$3,714.24 ","$2,378.78 ","$3,550.72 ","$2,273.73 ",unavailable,unavailable,unavailable,unavailable,unavailable,unavailable,unavailable,unavailable,unavailable,unavailable,unavailable,"$3,550.72 ","$2,273.73 ",unavailable,unavailable
M6G Double Extra Large,db.m6g.2xlarge,32,EBS Only,8,Up to 10 Gigabit,$464.28 ,$297.33 ,$443.84 ,$284.19 ,unavailable,unavailable,unavailable,unavailable,unavailable,unavailable,unavailable,unavailable,unavailable,unavailable,unavailable,$443.84 ,$284.19 ,unavailable,unavailable
M6G Quadruple Extra Large,db.m6g.4xlarge,64,EBS Only,16,Up to 10 Gigabit,$928.56 ,$594.73 ,$887.68 ,$568.45 ,unavailable,unavailable,unavailable,unavailable,unavailable,unavailable,unavailable,unavailable,unavailable,unavailable,unavailable,$887.68 ,$568.45 ,unavailable,unavailable
M6G Eight Extra Large,db.m6g.8xlarge,128,EBS Only,32,10 Gigabit,"$1,857.12 ","$1,189.39 ","$1,775.36 ","$1,136.83 ",unavailable,unavailable,unavailable,unavailable,unavailable,unavailable,unavailable,unavailable,unavailable,unavailable,unavailable,"$1,775.36 ","$1,136.83 ",unavailable,unavailable
M6G Large,db.m6g.large,8,EBS Only,2,Up to 10 Gigabit,$116.07 ,$74.31 ,$110.96 ,$71.03 ,unavailable,unavailable,unavailable,unavailable,unavailable,unavailable,unavailable,unavailable,unavailable,unavailable,unavailable,$110.96 ,$71.03 ,unavailable,unavailable
M6G Extra Large,db.m6g.xlarge,16,EBS Only,4,Up to 10 Gigabit,$232.14 ,$148.70 ,$221.92 ,$142.13 ,unavailable,unavailable,unavailable,unavailable,unavailable,unavailable,unavailable,unavailable,unavailable,unavailable,unavailable,$221.92 ,$142.13 ,unavailable,unavailable
M6GD 12xlarge Extra Large,db.m6gd.12xlarge,192,2 x 1425 NVMe SSD,48,12 gigabit,"$3,270.40 ","$2,518.28 ","$3,270.40 ","$2,518.28 ",unavailable,unavailable,unavailable,unavailable,unavailable,unavailable,unavailable,unavailable,unavailable,unavailable,unavailable,"$3,270.40 ","$2,518.28 ",unavailable,unavailable
M6GD 16xlarge Extra Large,db.m6gd.16xlarge,256,2 x 1900 NVMe SSD,64,25 Gigabit,"$4,360.29 ","$3,357.71 ","$4,360.29 ","$3,357.71 ",unavailable,unavailable,unavailable,unavailable,unavailable,unavailable,unavailable,unavailable,unavailable,unavailable,unavailable,"$4,360.29 ","$3,357.71 ",unavailable,unavailable
M6GD Double Extra Large,db.m6gd.2xlarge,32,1 x 475 NVMe SSD,8,Up to 10 Gigabit,$545.31 ,$419.68 ,$545.31 ,$419.68 ,unavailable,unavailable,unavailable,unavailable,unavailable,unavailable,unavailable,unavailable,unavailable,unavailable,unavailable,$545.31 ,$419.68 ,unavailable,unavailable
M6GD Quadruple Extra Large,db.m6gd.4xlarge,64,1 x 950 NVMe SSD,16,Up to 10 Gigabit,"$1,089.89 ",$839.43 ,"$1,089.89 ",$839.43 ,unavailable,unavailable,unavailable,unavailable,unavailable,unavailable,unavailable,unavailable,unavailable,unavailable,unavailable,"$1,089.89 ",$839.43 ,unavailable,unavailable
M6GD Eight Extra Large,db.m6gd.8xlarge,128,1 x 1900 NVMe SSD,32,10 Gigabit,"$2,180.51 ","$1,678.85 ","$2,180.51 ","$1,678.85 ",unavailable,unavailable,unavailable,unavailable,unavailable,unavailable,unavailable,unavailable,unavailable,unavailable,unavailable,"$2,180.51 ","$1,678.85 ",unavailable,unavailable
M6GD Large,db.m6gd.large,8,1 x 118 NVMe SSD,2,Up to 10 Gigabit,$136.51 ,$104.90 ,$136.51 ,$104.90 ,unavailable,unavailable,unavailable,unavailable,unavailable,unavailable,unavailable,unavailable,unavailable,unavailable,unavailable,$136.51 ,$104.90 ,unavailable,unavailable
M6GD Extra Large,db.m6gd.xlarge,16,1 x 237 NVMe SSD,4,Up to 10 Gigabit,$272.29 ,$209.88 ,$272.29 ,$209.88 ,unavailable,unavailable,unavailable,unavailable,unavailable,unavailable,unavailable,unavailable,unavailable,unavailable,unavailable,$272.29 ,$209.88 ,unavailable,unavailable
M6I 12xlarge Extra Large,db.m6i.12xlarge,192,EBS Only,48,18.75 Gbps,"$3,118.56 ","$1,997.28 ","$2,995.92 ","$1,918.44 ",unavailable,unavailable,unavailable,unavailable,unavailable,unavailable,"$20,463.36 ","$19,639.92 ",unavailable,unavailable,unavailable,"$2,995.92 ","$1,918.44 ","$2,995.92 ","$1,851.21 "
M6I 16xlarge Extra Large,db.m6i.16xlarge,256,EBS Only,64,25 Gbps,"$4,158.08 ","$2,663.04 ","$3,994.56 ","$2,557.92 ",unavailable,unavailable,unavailable,unavailable,unavailable,unavailable,"$27,284.48 ","$26,186.56 ",unavailable,unavailable,unavailable,"$3,994.56 ","$2,557.92 ","$3,994.56 ","$2,474.63 "
M6I 24xlarge,db.m6i.24xlarge,384,EBS Only,96,37.5 Gbps,"$6,237.12 ","$3,994.56 ","$5,991.84 ","$3,836.88 ",unavailable,unavailable,unavailable,unavailable,unavailable,unavailable,"$40,926.72 ","$39,279.84 ",unavailable,unavailable,unavailable,"$5,991.84 ","$3,836.88 ","$5,991.84 ","$3,702.49 "
M6I Double Extra Large,db.m6i.2xlarge,32,EBS Only,8,Up to 12.5 Gbps,$519.76 ,$332.88 ,$499.32 ,$319.74 ,unavailable,unavailable,$804.46 ,$607.36 ,"$1,860.04 ","$1,518.40 ","$3,410.56 ","$3,273.32 ",unavailable,unavailable,unavailable,$499.32 ,$319.74 ,$499.32 ,$308.57 
M6I 32xlarge,db.m6i.32xlarge,512,EBS Only,128,50 Gbps,"$8,316.16 ","$5,326.08 ","$7,989.12 ","$5,115.84 ",unavailable,unavailable,unavailable,unavailable,unavailable,unavailable,"$54,568.96 ","$52,373.12 ",unavailable,unavailable,unavailable,"$7,989.12 ","$5,115.84 ","$7,989.12 ","$4,949.25 "
M6I Quadruple Extra Large,db.m6i.4xlarge,64,EBS Only,16,Up to 12.5 Gbps,"$1,039.52 ",$665.76 ,$998.64 ,$639.48 ,unavailable,unavailable,"$1,640.31 ","$1,214.72 ","$3,684.31 ","$3,036.80 ","$6,821.85 ","$6,546.64 ",unavailable,unavailable,unavailable,$998.64 ,$639.48 ,$998.64 ,$617.07 
M6I Eight Extra Large,db.m6i.8xlarge,128,EBS Only,32,12.5 Gbps,"$2,079.04 ","$1,331.52 ","$1,997.28 ","$1,278.96 ",unavailable,unavailable,unavailable,unavailable,"$7,148.16 ","$6,073.60 ","$13,642.24 ","$13,093.28 ",unavailable,unavailable,unavailable,"$1,997.28 ","$1,278.96 ","$1,997.28 ","$1,237.35 "
M6I Large,db.m6i.large,8,EBS Only,2,Up to 12.5 Gbps,$129.94 ,$83.22 ,$124.83 ,$79.94 ,unavailable,unavailable,$227.03 ,$167.17 ,$713.21 ,$623.42 ,unavailable,unavailable,unavailable,unavailable,unavailable,$124.83 ,$79.94 ,$124.83 ,$77.16 
M6I Extra Large,db.m6i.xlarge,16,EBS Only,4,Up to 12.5 Gbps,$259.88 ,$166.44 ,$249.66 ,$159.87 ,unavailable,unavailable,$394.20 ,$303.68 ,$893.52 ,$759.20 ,"$1,705.28 ","$1,636.66 ",unavailable,unavailable,unavailable,$249.66 ,$159.87 ,$249.66 ,$154.25 
M6ID 12xlarge Extra Large,db.m6id.12xlarge,192,2 x 1425 NVMe SSD,48,18.75 Gbps,"$3,928.13 ","$3,024.46 ","$3,928.13 ","$3,024.46 ",unavailable,unavailable,unavailable,unavailable,unavailable,unavailable,unavailable,unavailable,unavailable,unavailable,unavailable,"$3,928.13 ","$3,024.46 ","$3,924.48 ","$3,022.20 "
M6ID 16xlarge Extra Large,db.m6id.16xlarge,256,2 x 1900 NVMe SSD,64,25 Gbps,"$5,237.02 ","$4,032.67 ","$5,237.02 ","$4,032.67 ",unavailable,unavailable,unavailable,unavailable,unavailable,unavailable,unavailable,unavailable,unavailable,unavailable,unavailable,"$5,237.02 ","$4,032.67 ","$5,232.64 ","$4,028.87 "
M6ID 24xlarge,db.m6id.24xlarge,384,4 x 1425 NVMe SSD,96,37.5 Gbps,"$7,855.53 ","$6,049.00 ","$7,855.53 ","$6,049.00 ",unavailable,unavailable,unavailable,unavailable,unavailable,unavailable,unavailable,unavailable,unavailable,unavailable,unavailable,"$7,855.53 ","$6,049.00 ","$7,848.96 ","$6,043.67 "
M6ID Double Extra Large,db.m6id.2xlarge,32,1 x 474 NVMe SSD,8,Up to 12.5 Gbps,$654.81 ,$504.07 ,$654.81 ,$504.07 ,unavailable,unavailable,unavailable,unavailable,unavailable,unavailable,unavailable,unavailable,unavailable,unavailable,unavailable,$654.81 ,$504.07 ,$654.08 ,$503.70 
M6ID 32xlarge,db.m6id.32xlarge,512,4 x 1900 NVMe SSD,128,50 Gbps,"$10,474.77 ","$8,065.33 ","$10,474.77 ","$8,065.33 ",unavailable,unavailable,unavailable,unavailable,unavailable,unavailable,unavailable,unavailable,unavailable,unavailable,unavailable,"$10,474.77 ","$8,065.33 ","$10,465.28 ","$8,058.47 "
M6ID Quadruple Extra Large,db.m6id.4xlarge,64,1 x 950 NVMe SSD,16,Up to 12.5 Gbps,"$1,309.62 ","$1,008.13 ","$1,309.62 ","$1,008.13 ",unavailable,unavailable,unavailable,unavailable,unavailable,unavailable,unavailable,unavailable,unavailable,unavailable,unavailable,"$1,309.62 ","$1,008.13 ","$1,308.16 ","$1,007.40 "
M6ID Eight Extra Large,db.m6id.8xlarge,128,1 x 1900 NVMe SSD,32,12.5 Gbps,"$2,618.51 ","$2,016.33 ","$2,618.51 ","$2,016.33 ",unavailable,unavailable,unavailable,unavailable,unavailable,unavailable,unavailable,unavailable,unavailable,unavailable,unavailable,"$2,618.51 ","$2,016.33 ","$2,616.32 ","$2,014.80 "
M6ID Large,db.m6id.large,8,1 x 118 NVMe SSD,2,Up to 12.5 Gbps,$163.52 ,$126.00 ,$163.52 ,$126.00 ,unavailable,unavailable,unavailable,unavailable,unavailable,unavailable,unavailable,unavailable,unavailable,unavailable,unavailable,$163.52 ,$126.00 ,$163.52 ,$125.56 
M6ID Extra Large,db.m6id.xlarge,16,1 x 237 NVMe SSD,4,Up to 12.5 Gbps,$327.04 ,$252.07 ,$327.04 ,$252.07 ,unavailable,unavailable,unavailable,unavailable,unavailable,unavailable,unavailable,unavailable,unavailable,unavailable,unavailable,$327.04 ,$252.07 ,$327.04 ,$251.85 
M6IDN 12xlarge Extra Large,db.m6idn.12xlarge,192,2 x 1425 NVMe SSD,48,75 Gbps,"$5,168.40 ","$3,979.67 ","$5,168.40 ","$3,979.67 ",unavailable,unavailable,unavailable,unavailable,unavailable,unavailable,unavailable,unavailable,unavailable,unavailable,unavailable,"$5,168.40 ","$3,979.67 ",unavailable,unavailable
M6IDN 16xlarge Extra Large,db.m6idn.16xlarge,256,2 x 1900 NVMe SSD,64,100 Gbps,"$6,891.20 ","$5,306.22 ","$6,891.20 ","$5,306.22 ",unavailable,unavailable,unavailable,unavailable,unavailable,unavailable,unavailable,unavailable,unavailable,unavailable,unavailable,"$6,891.20 ","$5,306.22 ",unavailable,unavailable
M6IDN 24xlarge,db.m6idn.24xlarge,384,4 x 1425 NVMe SSD,96,150 Gbps,"$10,336.80 ","$7,959.34 ","$10,336.80 ","$7,959.34 ",unavailable,unavailable,unavailable,unavailable,unavailable,unavailable,unavailable,unavailable,unavailable,unavailable,unavailable,"$10,336.80 ","$7,959.34 ",unavailable,unavailable
M6IDN Double Extra Large,db.m6idn.2xlarge,32,1 x 474 NVMe SSD,8,Up to 40 Gbps,$861.40 ,$663.28 ,$861.40 ,$663.28 ,unavailable,unavailable,unavailable,unavailable,unavailable,unavailable,unavailable,unavailable,unavailable,unavailable,unavailable,$861.40 ,$663.28 ,unavailable,unavailable
M6IDN 32xlarge,db.m6idn.32xlarge,512,4 x 1900 NVMe SSD,128,200 Gbps,"$13,782.40 ","$10,612.45 ","$13,782.40 ","$10,612.45 ",unavailable,unavailable,unavailable,unavailable,unavailable,unavailable,unavailable,unavailable,unavailable,unavailable,unavailable,"$13,782.40 ","$10,612.45 ",unavailable,unavailable
M6IDN Quadruple Extra Large,db.m6idn.4xlarge,64,1 x 950 NVMe SSD,16,Up to 50 Gbps,"$1,722.80 ","$1,326.56 ","$1,722.80 ","$1,326.56 ",unavailable,unavailable,unavailable,unavailable,unavailable,unavailable,unavailable,unavailable,unavailable,unavailable,unavailable,"$1,722.80 ","$1,326.56 ",unavailable,unavailable
M6IDN Eight Extra Large,db.m6idn.8xlarge,128,1 x 1900 NVMe SSD,32,50 Gbps,"$3,445.60 ","$2,653.11 ","$3,445.60 ","$2,653.11 ",unavailable,unavailable,unavailable,unavailable,unavailable,unavailable,unavailable,unavailable,unavailable,unavailable,unavailable,"$3,445.60 ","$2,653.11 ",unavailable,unavailable
M6IDN Large,db.m6idn.large,8,1 x 118 NVMe SSD,2,Up to 25 Gbps,$215.35 ,$165.86 ,$215.35 ,$165.86 ,unavailable,unavailable,unavailable,unavailable,unavailable,unavailable,unavailable,unavailable,unavailable,unavailable,unavailable,$215.35 ,$165.86 ,unavailable,unavailable
M6IDN Extra Large,db.m6idn.xlarge,16,1 x 237 NVMe SSD,4,Up to 30 Gbps,$430.70 ,$331.64 ,$430.70 ,$331.64 ,unavailable,unavailable,unavailable,unavailable,unavailable,unavailable,unavailable,unavailable,unavailable,unavailable,unavailable,$430.70 ,$331.64 ,unavailable,unavailable
M6IN 12xlarge Extra Large,db.m6in.12xlarge,192,EBS Only,48,75 Gbps,"$4,523.81 ","$3,483.20 ","$4,523.81 ","$3,483.20 ",unavailable,unavailable,unavailable,unavailable,unavailable,unavailable,unavailable,unavailable,unavailable,unavailable,unavailable,"$4,523.81 ","$3,483.20 ","$4,520.16 ",unavailable
M6IN 16xlarge Extra Large,db.m6in.16xlarge,256,EBS Only,64,100 Gbps,"$6,031.26 ","$4,644.26 ","$6,031.26 ","$4,644.26 ",unavailable,unavailable,unavailable,unavailable,unavailable,unavailable,unavailable,unavailable,unavailable,unavailable,unavailable,"$6,031.26 ","$4,644.26 ","$6,026.88 ",unavailable
M6IN 24xlarge,db.m6in.24xlarge,384,EBS Only,96,150 Gbps,"$9,047.62 ","$6,966.46 ","$9,047.62 ","$6,966.46 ",unavailable,unavailable,unavailable,unavailable,unavailable,unavailable,unavailable,unavailable,unavailable,unavailable,unavailable,"$9,047.62 ","$6,966.46 ","$9,040.32 ",unavailable
M6IN Double Extra Large,db.m6in.2xlarge,32,EBS Only,8,Up to 40 Gbps,$754.09 ,$580.57 ,$754.09 ,$580.57 ,unavailable,unavailable,unavailable,unavailable,unavailable,unavailable,unavailable,unavailable,unavailable,unavailable,unavailable,$754.09 ,$580.57 ,$753.36 ,unavailable
M6IN 32xlarge,db.m6in.32xlarge,512,EBS Only,128,200 Gbps,"$12,063.25 ","$9,288.59 ","$12,063.25 ","$9,288.59 ",unavailable,unavailable,unavailable,unavailable,unavailable,unavailable,unavailable,unavailable,unavailable,unavailable,unavailable,"$12,063.25 ","$9,288.59 ","$12,053.76 ",unavailable
M6IN Quadruple Extra Large,db.m6in.4xlarge,64,EBS Only,16,Up to 50 Gbps,"$1,508.18 ","$1,161.07 ","$1,508.18 ","$1,161.07 ",unavailable,unavailable,unavailable,unavailable,unavailable,unavailable,unavailable,unavailable,unavailable,unavailable,unavailable,"$1,508.18 ","$1,161.07 ","$1,506.72 ",unavailable
M6IN Eight Extra Large,db.m6in.8xlarge,128,EBS Only,32,50 Gbps,"$3,015.63 ","$2,322.13 ","$3,015.63 ","$2,322.13 ",unavailable,unavailable,unavailable,unavailable,unavailable,unavailable,unavailable,unavailable,unavailable,unavailable,unavailable,"$3,015.63 ","$2,322.13 ","$3,013.44 ",unavailable
M6IN Large,db.m6in.large,8,EBS Only,2,Up to 25 Gbps,$188.34 ,$145.12 ,$188.34 ,$145.12 ,unavailable,unavailable,unavailable,unavailable,unavailable,unavailable,unavailable,unavailable,unavailable,unavailable,unavailable,$188.34 ,$145.12 ,$188.34 ,unavailable
M6IN Extra Large,db.m6in.xlarge,16,EBS Only,4,Up to 30 Gbps,$376.68 ,$290.25 ,$376.68 ,$290.25 ,unavailable,unavailable,unavailable,unavailable,unavailable,unavailable,unavailable,unavailable,unavailable,unavailable,unavailable,$376.68 ,$290.25 ,$376.68 ,unavailable
M7G 12xlarge Extra Large,db.m7g.12xlarge,192,EBS Only,48,20 Gigabit,"$2,952.12 ","$2,273.15 ","$2,952.12 ","$2,273.15 ",unavailable,unavailable,unavailable,unavailable,unavailable,unavailable,unavailable,unavailable,unavailable,unavailable,unavailable,"$2,952.12 ","$2,273.15 ",unavailable,unavailable
M7G 16xlarge Extra Large,db.m7g.16xlarge,256,EBS Only,64,25 Gigabit,"$3,936.16 ","$3,030.81 ","$3,936.16 ","$3,030.81 ",unavailable,unavailable,unavailable,unavailable,unavailable,unavailable,unavailable,unavailable,unavailable,unavailable,unavailable,"$3,936.16 ","$3,030.81 ",unavailable,unavailable
M7G Double Extra Large,db.m7g.2xlarge,32,EBS Only,8,Up to 15 Gigabit,$492.02 ,$378.87 ,$492.02 ,$378.87 ,unavailable,unavailable,unavailable,unavailable,unavailable,unavailable,unavailable,unavailable,unavailable,unavailable,unavailable,$492.02 ,$378.87 ,unavailable,unavailable
M7G Quadruple Extra Large,db.m7g.4xlarge,64,EBS Only,16,Up to 15 Gigabit,$984.04 ,$757.74 ,$984.04 ,$757.74 ,unavailable,unavailable,unavailable,unavailable,unavailable,unavailable,unavailable,unavailable,unavailable,unavailable,unavailable,$984.04 ,$757.74 ,unavailable,unavailable
M7G Eight Extra Large,db.m7g.8xlarge,128,EBS Only,32,15 Gigabit,"$1,968.08 ","$1,515.41 ","$1,968.08 ","$1,515.41 ",unavailable,unavailable,unavailable,unavailable,unavailable,unavailable,unavailable,unavailable,unavailable,unavailable,unavailable,"$1,968.08 ","$1,515.41 ",unavailable,unavailable
M7G Large,db.m7g.large,8,EBS Only,2,Up to 12.5 Gigabit,$122.64 ,$94.68 ,$122.64 ,$94.68 ,unavailable,unavailable,unavailable,unavailable,unavailable,unavailable,unavailable,unavailable,unavailable,unavailable,unavailable,$122.64 ,$94.68 ,unavailable,unavailable
M7G Extra Large,db.m7g.xlarge,16,EBS Only,4,Up to 12.5 Gigabit,$246.01 ,$189.44 ,$246.01 ,$189.44 ,unavailable,unavailable,unavailable,unavailable,unavailable,unavailable,unavailable,unavailable,unavailable,unavailable,unavailable,$246.01 ,$189.44 ,unavailable,unavailable
M7I 12xlarge Extra Large,db.m7i.12xlarge,192,EBS Only,48,18.75 Gbps,"$3,118.56 ","$2,089.26 ","$3,118.56 ","$2,089.26 ",unavailable,unavailable,unavailable,unavailable,unavailable,unavailable,unavailable,unavailable,unavailable,unavailable,unavailable,"$3,118.56 ","$2,089.26 ","$3,118.56 ","$2,089.26 "
M7I 16xlarge Extra Large,db.m7i.16xlarge,256,EBS Only,64,25 Gbps,"$4,158.08 ","$2,785.68 ","$4,158.08 ","$2,785.68 ",unavailable,unavailable,unavailable,unavailable,unavailable,unavailable,unavailable,unavailable,unavailable,unavailable,unavailable,"$4,158.08 ","$2,785.68 ","$4,158.08 ","$2,785.68 "
M7I 24xlarge,db.m7i.24xlarge,384,EBS Only,96,37.5 Gbps,"$6,237.12 ","$4,178.52 ","$6,237.12 ","$4,178.52 ",unavailable,unavailable,unavailable,unavailable,unavailable,unavailable,unavailable,unavailable,unavailable,unavailable,unavailable,"$6,237.12 ","$4,178.52 ","$6,237.12 ","$4,178.52 "
M7I Double Extra Large,db.m7i.2xlarge,32,EBS Only,8,Up to 12.5 Gbps,$519.76 ,$348.21 ,$519.76 ,$348.21 ,unavailable,unavailable,unavailable,unavailable,unavailable,unavailable,unavailable,unavailable,unavailable,unavailable,unavailable,$519.76 ,$348.21 ,$519.76 ,$348.21 
M7I 48xlarge,db.m7i.48xlarge,768,EBS Only,192,50 Gbps,"$12,474.24 ","$8,357.77 ","$12,474.24 ","$8,357.77 ",unavailable,unavailable,unavailable,unavailable,unavailable,unavailable,unavailable,unavailable,unavailable,unavailable,unavailable,"$12,474.24 ","$8,357.77 ","$12,474.24 ","$8,357.77 "
M7I Quadruple Extra Large,db.m7i.4xlarge,64,EBS Only,16,Up to 12.5 Gbps,"$1,039.52 ",$696.42 ,"$1,039.52 ",$696.42 ,unavailable,unavailable,unavailable,unavailable,unavailable,unavailable,unavailable,unavailable,unavailable,unavailable,unavailable,"$1,039.52 ",$696.42 ,"$1,039.52 ",$696.42 
M7I Eight Extra Large,db.m7i.8xlarge,128,EBS Only,32,12.5 Gbps,"$2,079.04 ","$1,392.84 ","$2,079.04 ","$1,392.84 ",unavailable,unavailable,unavailable,unavailable,unavailable,unavailable,unavailable,unavailable,unavailable,unavailable,unavailable,"$2,079.04 ","$1,392.84 ","$2,079.04 ","$1,392.84 "
M7I Large,db.m7i.large,8,EBS Only,2,Up to 12.5 Gbps,$129.94 ,$86.87 ,$129.94 ,$86.87 ,unavailable,unavailable,unavailable,unavailable,unavailable,unavailable,unavailable,unavailable,unavailable,unavailable,unavailable,$129.94 ,$86.87 ,$129.94 ,$86.87 
M7I Extra Large,db.m7i.xlarge,16,EBS Only,4,Up to 12.5 Gbps,$259.88 ,$174.47 ,$259.88 ,$174.47 ,unavailable,unavailable,unavailable,unavailable,unavailable,unavailable,unavailable,unavailable,unavailable,unavailable,unavailable,$259.88 ,$174.47 ,$259.88 ,$174.47 
M8G 12xlarge Extra Large,db.m8g.12xlarge,256,EBS Only,48,22.5 Gigabit,"$2,943.36 ","$1,971.73 ","$2,943.36 ","$1,971.73 ",unavailable,unavailable,unavailable,unavailable,unavailable,unavailable,unavailable,unavailable,unavailable,unavailable,unavailable,"$2,943.36 ","$1,971.73 ",unavailable,unavailable
M8G 16xlarge Extra Large,db.m8g.16xlarge,384,EBS Only,64,30 Gigabit,"$3,924.48 ","$2,629.46 ","$3,924.48 ","$2,629.46 ",unavailable,unavailable,unavailable,unavailable,unavailable,unavailable,unavailable,unavailable,unavailable,unavailable,unavailable,"$3,924.48 ","$2,629.46 ",unavailable,unavailable
M8G 24xlarge,db.m8g.24xlarge,512,EBS Only,96,40 Gigabit,"$5,886.72 ","$3,944.19 ","$5,886.72 ","$3,944.19 ",unavailable,unavailable,unavailable,unavailable,unavailable,unavailable,unavailable,unavailable,unavailable,unavailable,unavailable,"$5,886.72 ","$3,944.19 ",unavailable,unavailable
M8G Double Extra Large,db.m8g.2xlarge,32,EBS Only,8,Up to 15 Gigabit,$490.56 ,$328.50 ,$490.56 ,$328.50 ,unavailable,unavailable,unavailable,unavailable,unavailable,unavailable,unavailable,unavailable,unavailable,unavailable,unavailable,$490.56 ,$328.50 ,unavailable,unavailable
M8G 48xlarge,db.m8g.48xlarge,768,EBS Only,192,50 Gigabit,"$11,773.44 ","$7,888.38 ","$11,773.44 ","$7,888.38 ",unavailable,unavailable,unavailable,unavailable,unavailable,unavailable,unavailable,unavailable,unavailable,unavailable,unavailable,"$11,773.44 ","$7,888.38 ",unavailable,unavailable
M8G Quadruple Extra Large,db.m8g.4xlarge,64,EBS Only,16,Up to 15 Gigabit,$981.12 ,$657.00 ,$981.12 ,$657.00 ,unavailable,unavailable,unavailable,unavailable,unavailable,unavailable,unavailable,unavailable,unavailable,unavailable,unavailable,$981.12 ,$657.00 ,unavailable,unavailable
M8G Eight Extra Large,db.m8g.8xlarge,128,EBS Only,32,15 Gigabit,"$1,962.24 ","$1,314.73 ","$1,962.24 ","$1,314.73 ",unavailable,unavailable,unavailable,unavailable,unavailable,unavailable,unavailable,unavailable,unavailable,unavailable,unavailable,"$1,962.24 ","$1,314.73 ",unavailable,unavailable
M8G Large,db.m8g.large,8,EBS Only,2,Up to 12.5 Gigabit,$122.64 ,$82.49 ,$122.64 ,$82.49 ,unavailable,unavailable,unavailable,unavailable,unavailable,unavailable,unavailable,unavailable,unavailable,unavailable,unavailable,$122.64 ,$82.49 ,unavailable,unavailable
M8G Extra Large,db.m8g.xlarge,16,EBS Only,4,Up to 12.5 Gigabit,$245.28 ,$164.25 ,$245.28 ,$164.25 ,unavailable,unavailable,unavailable,unavailable,unavailable,unavailable,unavailable,unavailable,unavailable,unavailable,unavailable,$245.28 ,$164.25 ,unavailable,unavailable
R3 Memory Optimized Double Extra Large,db.r3.2xlarge,61,1 x 160 SSD,8,High,$726.35 ,unavailable,$689.85 ,unavailable,unavailable,unavailable,unavailable,unavailable,unavailable,unavailable,unavailable,unavailable,unavailable,unavailable,unavailable,$689.85 ,unavailable,$689.85 ,unavailable
R3 Memory Optimized Quadruple Extra Large,db.r3.4xlarge,122,1 x 320 SSD,16,High,"$1,452.70 ",unavailable,"$1,379.70 ",unavailable,unavailable,unavailable,unavailable,unavailable,unavailable,unavailable,unavailable,unavailable,unavailable,unavailable,unavailable,"$1,379.70 ",unavailable,"$1,379.70 ",unavailable
R3 Memory Optimized Eight Extra Large,db.r3.8xlarge,244,2 x 320 SSD,32,10 Gigabit,"$2,905.40 ",unavailable,"$2,759.40 ",unavailable,unavailable,unavailable,unavailable,unavailable,unavailable,unavailable,unavailable,unavailable,unavailable,unavailable,unavailable,"$2,759.40 ",unavailable,unavailable,unavailable
R3 Memory Optimized Large,db.r3.large,15.25,1 x 32 SSD,2,Moderate,$182.50 ,unavailable,$175.20 ,unavailable,unavailable,unavailable,$335.80 ,unavailable,unavailable,unavailable,unavailable,unavailable,unavailable,unavailable,unavailable,$175.20 ,unavailable,$175.20 ,unavailable
R3 Memory Optimized Extra Large,db.r3.xlarge,30.5,1 x 80 SSD,4,Moderate,$365.00 ,unavailable,$346.75 ,unavailable,unavailable,unavailable,unavailable,unavailable,unavailable,unavailable,unavailable,unavailable,unavailable,unavailable,unavailable,$346.75 ,unavailable,$346.75 ,unavailable
R4 Memory Optimized 16xlarge Extra Large,db.r4.16xlarge,488,EBS Only,64,20 Gigabit,"$5,840.00 ",unavailable,"$5,606.40 ",unavailable,unavailable,unavailable,unavailable,unavailable,"$17,753.60 ",unavailable,"$29,211.68 ",unavailable,"$6,774.40 ",unavailable,unavailable,"$5,606.40 ",unavailable,"$5,606.40 ",unavailable
R4 Memory Optimized Double Extra Large,db.r4.2xlarge,61,EBS Only,8,Up to 10 Gigabit,$730.00 ,unavailable,$700.80 ,unavailable,unavailable,unavailable,"$1,284.80 ",unavailable,"$2,219.20 ",unavailable,"$3,651.46 ",unavailable,$846.80 ,unavailable,unavailable,$700.80 ,unavailable,$700.80 ,unavailable
R4 Memory Optimized Quadruple Extra Large,db.r4.4xlarge,122,EBS Only,16,Up to 10 Gigabit,"$1,460.00 ",unavailable,"$1,401.60 ",unavailable,unavailable,unavailable,unavailable,unavailable,"$4,438.40 ",unavailable,"$7,302.92 ",unavailable,"$1,693.60 ",unavailable,unavailable,"$1,401.60 ",unavailable,"$1,401.60 ",unavailable
R4 Memory Optimized Eight Extra Large,db.r4.8xlarge,244,EBS Only,32,10 Gigabit,"$2,920.00 ",unavailable,"$2,803.20 ",unavailable,unavailable,unavailable,unavailable,unavailable,"$8,876.80 ",unavailable,"$14,605.84 ",unavailable,"$3,387.20 ",unavailable,unavailable,"$2,803.20 ",unavailable,"$2,803.20 ",unavailable
R4 Memory Optimized Large,db.r4.large,15.25,EBS Only,2,Up to 10 Gigabit,$182.50 ,unavailable,$175.20 ,unavailable,unavailable,unavailable,$335.80 ,unavailable,$744.60 ,unavailable,unavailable,unavailable,$211.70 ,unavailable,unavailable,$175.20 ,unavailable,$175.20 ,unavailable
R4 Memory Optimized Extra Large,db.r4.xlarge,30.5,EBS Only,4,Up to 10 Gigabit,$365.00 ,unavailable,$350.40 ,unavailable,unavailable,unavailable,$642.40 ,unavailable,"$1,109.60 ",unavailable,"$1,825.73 ",unavailable,$423.40 ,unavailable,unavailable,$350.40 ,unavailable,$350.40 ,unavailable
R5 12xlarge Extra Large,db.r5.12xlarge,384,EBS Only,48,10 Gigabit,"$4,380.00 ","$2,529.45 ","$4,204.80 ","$2,428.27 ",unavailable,unavailable,unavailable,unavailable,"$13,315.20 ","$12,582.86 ","$21,908.76 ","$21,854.01 ","$5,080.80 ","$3,306.90 ","$6,605.04 ","$4,204.80 ","$2,428.27 ","$4,082.16 ","$2,361.19 "
R5 12xlarge Extra Large,db.r5.12xlarge.tpc2.mem2x,768,EBS Only,48,25 Gigabit,unavailable,unavailable,unavailable,unavailable,unavailable,unavailable,unavailable,unavailable,unavailable,unavailable,unavailable,unavailable,unavailable,unavailable,unavailable,unavailable,unavailable,"$8,164.32 ","$4,722.37 "
R5 16xlarge Extra Large,db.r5.16xlarge,512,Aurora IO Optimization Mode,64,20 Gigabit,"$5,840.00 ","$3,372.60 ","$5,606.40 ","$3,237.70 ",unavailable,unavailable,unavailable,unavailable,"$17,753.60 ","$16,777.15 ","$29,211.68 ","$29,138.68 ","$6,774.40 ","$4,409.20 ","$8,806.72 ","$5,606.40 ","$3,237.70 ","$5,442.88 ","$3,148.42 "
R5 24xlarge,db.r5.24xlarge,768,EBS Only,96,25 Gigabit,"$8,760.00 ","$5,058.90 ","$8,409.60 ","$4,856.54 ",unavailable,unavailable,unavailable,unavailable,"$26,630.40 ","$25,165.73 ","$43,817.52 ","$43,707.95 ","$10,161.60 ","$6,613.80 ","$13,210.08 ","$8,409.60 ","$4,856.54 ","$8,164.32 ","$4,722.37 "
R5 Double Extra Large,db.r5.2xlarge,64,EBS Only,8,Up to 10 Gigabit,$730.00 ,$421.58 ,$700.80 ,$404.71 ,unavailable,unavailable,"$1,284.80 ","$1,079.23 ","$2,219.20 ","$2,097.14 ","$3,651.46 ","$3,642.34 ",$846.80 ,$554.80 ,"$1,100.84 ",$700.80 ,$404.71 ,$680.36 ,$393.54 
R5 Double Extra Large,db.r5.2xlarge.tpc1.mem2x,128,EBS Only,8,Up to 10 Gigabit,unavailable,unavailable,unavailable,unavailable,unavailable,unavailable,unavailable,unavailable,unavailable,unavailable,unavailable,unavailable,unavailable,unavailable,unavailable,unavailable,unavailable,"$1,360.72 ",$787.09 
R5 Double Extra Large,db.r5.2xlarge.tpc2.mem4x,256,EBS Only,8,10 Gigabit,unavailable,unavailable,unavailable,unavailable,unavailable,unavailable,unavailable,unavailable,unavailable,unavailable,unavailable,unavailable,unavailable,unavailable,unavailable,unavailable,unavailable,"$2,721.44 ","$1,574.17 "
R5 Double Extra Large,db.r5.2xlarge.tpc2.mem8x,512,EBS Only,8,20 Gigabit,unavailable,unavailable,unavailable,unavailable,unavailable,unavailable,unavailable,unavailable,unavailable,unavailable,unavailable,unavailable,unavailable,unavailable,unavailable,unavailable,unavailable,"$5,442.88 ","$3,148.42 "
R5 Quadruple Extra Large,db.r5.4xlarge,128,EBS Only,16,Up to 10 Gigabit,"$1,460.00 ",$843.15 ,"$1,401.60 ",$809.42 ,unavailable,unavailable,"$2,569.60 ","$2,158.46 ","$4,438.40 ","$4,194.29 ","$7,302.92 ","$7,284.67 ","$1,693.60 ","$1,102.30 ","$2,201.68 ","$1,401.60 ",$809.42 ,"$1,360.72 ",$787.09 
R5 Quadruple Extra Large,db.r5.4xlarge.tpc2.mem2x,256,EBS Only,16,10 Gigabit,unavailable,unavailable,unavailable,unavailable,unavailable,unavailable,unavailable,unavailable,unavailable,unavailable,unavailable,unavailable,unavailable,unavailable,unavailable,unavailable,unavailable,"$2,721.44 ","$1,574.17 "
R5 Quadruple Extra Large,db.r5.4xlarge.tpc2.mem3x,384,EBS Only,16,10 Gigabit,unavailable,unavailable,unavailable,unavailable,unavailable,unavailable,unavailable,unavailable,unavailable,unavailable,unavailable,unavailable,unavailable,unavailable,unavailable,unavailable,unavailable,"$4,082.16 ","$2,361.19 "
R5 Quadruple Extra Large,db.r5.4xlarge.tpc2.mem4x,512,EBS Only,16,20 Gigabit,unavailable,unavailable,unavailable,unavailable,unavailable,unavailable,unavailable,unavailable,unavailable,unavailable,unavailable,unavailable,unavailable,unavailable,unavailable,unavailable,unavailable,"$5,442.88 ","$3,148.42 "
R5 6xlarge,db.r5.6xlarge.tpc2.mem4x,768,EBS Only,24,25 Gigabit,unavailable,unavailable,unavailable,unavailable,unavailable,unavailable,unavailable,unavailable,unavailable,unavailable,unavailable,unavailable,unavailable,unavailable,unavailable,unavailable,unavailable,"$8,164.32 ","$4,722.37 "
R5 Eight Extra Large,db.r5.8xlarge,256,EBS Only,32,10 Gigabit,"$2,920.00 ","$1,686.30 ","$2,803.20 ","$1,618.85 ",unavailable,unavailable,unavailable,unavailable,"$8,876.80 ","$8,388.58 ","$14,605.84 ","$14,569.34 ","$3,387.20 ","$2,204.60 ","$4,403.36 ","$2,803.20 ","$1,618.85 ","$2,721.44 ","$1,574.17 "
R5 Eight Extra Large,db.r5.8xlarge.tpc2.mem3x,768,EBS Only,32,25 Gigabit,unavailable,unavailable,unavailable,unavailable,unavailable,unavailable,unavailable,unavailable,unavailable,unavailable,unavailable,unavailable,unavailable,unavailable,unavailable,unavailable,unavailable,"$8,164.32 ","$4,722.37 "
R5 Large,db.r5.large,16,Aurora IO Optimization Mode,2,Up to 10 Gigabit,$182.50 ,$105.41 ,$175.20 ,$101.18 ,unavailable,unavailable,$335.80 ,$282.07 ,$744.60 ,$703.65 ,unavailable,unavailable,$211.70 ,$138.70 ,$275.21 ,$175.20 ,$101.18 ,$170.09 ,$98.40 
R5 Large,db.r5.large.tpc1.mem2x,32,EBS Only,2,Up to 10 Gigabit,unavailable,unavailable,unavailable,unavailable,unavailable,unavailable,unavailable,unavailable,unavailable,unavailable,unavailable,unavailable,unavailable,unavailable,unavailable,unavailable,unavailable,$340.18 ,$196.74 
R5 Extra Large,db.r5.xlarge,32,EBS Only,4,Up to 10 Gigabit,$365.00 ,$210.82 ,$350.40 ,$202.36 ,unavailable,unavailable,$642.40 ,$539.62 ,"$1,109.60 ","$1,048.57 ","$1,825.73 ","$1,821.13 ",$423.40 ,$277.40 ,$550.42 ,$350.40 ,$202.36 ,$340.18 ,$196.74 
R5 Extra Large,db.r5.xlarge.tpc2.mem2x,64,EBS Only,4,Up to 10 Gigabit,unavailable,unavailable,unavailable,unavailable,unavailable,unavailable,unavailable,unavailable,unavailable,unavailable,unavailable,unavailable,unavailable,unavailable,unavailable,unavailable,unavailable,$680.36 ,$393.54 
R5 Extra Large,db.r5.xlarge.tpc2.mem4x,128,EBS Only,4,Up to 10 Gigabit,unavailable,unavailable,unavailable,unavailable,unavailable,unavailable,unavailable,unavailable,unavailable,unavailable,unavailable,unavailable,unavailable,unavailable,unavailable,unavailable,unavailable,"$1,360.72 ",$787.09 
R5B 12xlarge Extra Large,db.r5b.12xlarge,384,EBS Only,48,10 Gigabit,"$5,185.92 ","$3,003.80 ","$5,185.92 ","$3,003.80 ",unavailable,unavailable,unavailable,unavailable,"$13,904.31 ","$13,139.56 ","$22,571.60 ","$22,514.81 ",unavailable,unavailable,unavailable,"$5,185.92 ","$3,003.80 ","$4,828.95 ","$3,042.28 "
R5B 16xlarge Extra Large,db.r5b.16xlarge,512,EBS Only,64,20 Gigabit,"$6,914.56 ","$4,005.00 ","$6,914.56 ","$4,005.00 ",unavailable,unavailable,unavailable,unavailable,"$18,539.81 ","$17,520.00 ","$30,094.98 ","$30,019.43 ",unavailable,unavailable,unavailable,"$6,914.56 ","$4,005.00 ","$6,439.33 ","$4,056.68 "
R5B 24xlarge,db.r5b.24xlarge,768,EBS Only,96,25 Gigabit,"$10,371.84 ","$6,007.54 ","$10,371.84 ","$6,007.54 ",unavailable,unavailable,unavailable,unavailable,"$27,809.35 ","$26,280.00 ","$45,141.74 ","$45,029.17 ",unavailable,unavailable,unavailable,"$10,371.84 ","$6,007.54 ","$9,658.63 ","$6,085.06 "
R5B Double Extra Large,db.r5b.2xlarge,64,EBS Only,8,Up to 10 Gigabit,$864.32 ,$500.63 ,$864.32 ,$500.63 ,unavailable,unavailable,"$1,403.79 ","$1,179.32 ","$2,317.75 ","$2,190.00 ","$3,761.69 ","$3,752.42 ",unavailable,unavailable,unavailable,$864.32 ,$500.63 ,$805.19 ,$507.06 
R5B Double Extra Large,db.r5b.2xlarge.tpc1.mem2x,128,EBS Only,8,Up to 10 Gigabit,unavailable,unavailable,unavailable,unavailable,unavailable,unavailable,unavailable,unavailable,unavailable,unavailable,unavailable,unavailable,unavailable,unavailable,unavailable,unavailable,unavailable,"$1,609.65 ","$1,158.44 "
R5B Double Extra Large,db.r5b.2xlarge.tpc2.mem4x,256,EBS Only,8,10 Gigabit,unavailable,unavailable,unavailable,unavailable,unavailable,unavailable,unavailable,unavailable,unavailable,unavailable,unavailable,unavailable,unavailable,unavailable,unavailable,unavailable,unavailable,"$3,219.30 ","$2,316.87 "
R5B Double Extra Large,db.r5b.2xlarge.tpc2.mem8x,512,EBS Only,8,20 Gigabit,unavailable,unavailable,unavailable,unavailable,unavailable,unavailable,unavailable,unavailable,unavailable,unavailable,unavailable,unavailable,unavailable,unavailable,unavailable,unavailable,unavailable,"$6,439.33 ","$4,633.68 "
R5B Quadruple Extra Large,db.r5b.4xlarge,128,EBS Only,16,Up to 10 Gigabit,"$1,728.64 ","$1,001.27 ","$1,728.64 ","$1,001.27 ",unavailable,unavailable,"$2,808.31 ","$2,358.70 ","$4,634.77 ","$4,380.00 ","$7,523.38 ","$7,504.84 ",unavailable,unavailable,unavailable,"$1,728.64 ","$1,001.27 ","$1,609.65 ","$1,014.19 "
R5B Quadruple Extra Large,db.r5b.4xlarge.tpc2.mem2x,256,EBS Only,16,10 Gigabit,unavailable,unavailable,unavailable,unavailable,unavailable,unavailable,unavailable,unavailable,unavailable,unavailable,unavailable,unavailable,unavailable,unavailable,unavailable,unavailable,unavailable,"$3,219.30 ","$2,316.87 "
R5B Quadruple Extra Large,db.r5b.4xlarge.tpc2.mem3x,384,EBS Only,16,10 Gigabit,unavailable,unavailable,unavailable,unavailable,unavailable,unavailable,unavailable,unavailable,unavailable,unavailable,unavailable,unavailable,unavailable,unavailable,unavailable,unavailable,unavailable,"$4,828.95 ","$3,475.24 "
R5B Quadruple Extra Large,db.r5b.4xlarge.tpc2.mem4x,512,EBS Only,16,20 Gigabit,unavailable,unavailable,unavailable,unavailable,unavailable,unavailable,unavailable,unavailable,unavailable,unavailable,unavailable,unavailable,unavailable,unavailable,unavailable,unavailable,unavailable,"$6,439.33 ","$4,633.68 "
R5B 6xlarge,db.r5b.6xlarge.tpc2.mem4x,768,EBS Only,24,25 Gigabit,unavailable,unavailable,unavailable,unavailable,unavailable,unavailable,unavailable,unavailable,unavailable,unavailable,unavailable,unavailable,unavailable,unavailable,unavailable,unavailable,unavailable,"$9,658.63 ","$6,950.55 "
R5B Eight Extra Large,db.r5b.8xlarge,256,EBS Only,32,10 Gigabit,"$3,457.28 ","$2,002.54 ","$3,457.28 ","$2,002.54 ",unavailable,unavailable,unavailable,unavailable,"$9,269.54 ","$8,760.00 ","$15,047.49 ","$15,009.75 ",unavailable,unavailable,unavailable,"$3,457.28 ","$2,002.54 ","$3,219.30 ","$2,028.38 "
R5B Eight Extra Large,db.r5b.8xlarge.tpc2.mem3x,768,EBS Only,32,25 Gigabit,unavailable,unavailable,unavailable,unavailable,unavailable,unavailable,unavailable,unavailable,unavailable,unavailable,unavailable,unavailable,unavailable,unavailable,unavailable,unavailable,unavailable,"$9,658.63 ","$6,950.55 "
R5B Large,db.r5b.large,16,EBS Only,2,Up to 10 Gigabit,$216.08 ,$125.12 ,$216.08 ,$125.12 ,unavailable,unavailable,$394.93 ,$331.57 ,$868.70 ,$820.67 ,unavailable,unavailable,unavailable,unavailable,unavailable,$216.08 ,$125.12 ,$201.48 ,$126.80 
R5B Large,db.r5b.large.tpc1.mem2x,32,EBS Only,2,Up to 10 Gigabit,unavailable,unavailable,unavailable,unavailable,unavailable,unavailable,unavailable,unavailable,unavailable,unavailable,unavailable,unavailable,unavailable,unavailable,unavailable,unavailable,unavailable,$402.23 ,$289.59 
R5B Extra Large,db.r5b.xlarge,32,EBS Only,4,Up to 10 Gigabit,$432.16 ,$250.32 ,$432.16 ,$250.32 ,unavailable,unavailable,$702.99 ,$590.21 ,"$1,158.51 ","$1,095.00 ","$1,881.21 ","$1,876.25 ",unavailable,unavailable,unavailable,$432.16 ,$250.32 ,$402.23 ,$253.53 
R5B Extra Large,db.r5b.xlarge.tpc2.mem2x,64,EBS Only,4,Up to 10 Gigabit,unavailable,unavailable,unavailable,unavailable,unavailable,unavailable,unavailable,unavailable,unavailable,unavailable,unavailable,unavailable,unavailable,unavailable,unavailable,unavailable,unavailable,$805.19 ,$579.18 
R5B Extra Large,db.r5b.xlarge.tpc2.mem4x,128,EBS Only,4,Up to 10 Gigabit,unavailable,unavailable,unavailable,unavailable,unavailable,unavailable,unavailable,unavailable,unavailable,unavailable,unavailable,unavailable,unavailable,unavailable,unavailable,unavailable,unavailable,"$1,609.65 ","$1,158.44 "
R5D 12xlarge Extra Large,db.r5d.12xlarge,384,2 x 900 NVMe SSD,48,10 Gbps,"$5,005.61 ","$3,854.40 ","$5,005.61 ","$3,854.40 ",unavailable,unavailable,unavailable,unavailable,"$13,760.50 ","$13,003.42 ","$22,456.99 ","$22,401.00 ",unavailable,unavailable,unavailable,"$5,005.61 ",unavailable,"$4,666.16 ","$3,380.63 "
R5D 16xlarge Extra Large,db.r5d.16xlarge,512,4 x 600 NVMe SSD,64,20 Gbps,"$6,674.39 ","$5,139.20 ","$6,674.39 ","$5,139.20 ",unavailable,unavailable,unavailable,unavailable,"$18,347.09 ","$17,337.87 ","$29,943.14 ","$29,868.02 ",unavailable,unavailable,unavailable,"$6,674.39 ",unavailable,"$6,221.06 ","$4,507.53 "
R5D 24xlarge,db.r5d.24xlarge,768,4 x 900 NVMe SSD,96,25 Gbps,"$10,011.22 ","$7,708.80 ","$10,011.22 ","$7,708.80 ",unavailable,unavailable,unavailable,unavailable,"$27,520.27 ","$26,006.76 ","$44,913.98 ","$44,802.00 ",unavailable,unavailable,unavailable,"$10,011.22 ",unavailable,"$9,331.59 ","$6,761.33 "
R5D Double Extra Large,db.r5d.2xlarge,64,1 x 300 NVMe SSD,8,Up to 10 Gbps,$834.39 ,$642.40 ,$834.39 ,$642.40 ,unavailable,unavailable,"$1,378.24 ","$1,157.85 ","$2,293.66 ","$2,167.22 ","$3,742.71 ","$3,733.51 ",unavailable,unavailable,unavailable,$834.39 ,unavailable,$777.45 ,$563.41 
R5D Quadruple Extra Large,db.r5d.4xlarge,128,2 x 300 NVMe SSD,16,Up to 10 Gbps,"$1,668.78 ","$1,284.80 ","$1,668.78 ","$1,284.80 ",unavailable,unavailable,"$2,757.21 ","$2,315.78 ","$4,586.59 ","$4,334.45 ","$7,485.42 ","$7,467.02 ",unavailable,unavailable,unavailable,"$1,668.78 ",unavailable,"$1,555.63 ","$1,126.90 "
R5D Eight Extra Large,db.r5d.8xlarge,256,2 x 600 NVMe SSD,32,10 Gbps,"$3,336.83 ","$2,569.60 ","$3,336.83 ","$2,569.60 ",unavailable,unavailable,unavailable,unavailable,"$9,173.18 ","$8,668.90 ","$14,971.57 ","$14,933.98 ",unavailable,unavailable,unavailable,"$3,336.83 ",unavailable,"$3,110.53 ","$2,253.80 "
R5D Large,db.r5d.large,16,1 x 75 NVMe SSD,2,Up to 10 Gbps,$208.78 ,$160.60 ,$208.78 ,$160.60 ,unavailable,unavailable,$388.36 ,$326.24 ,$862.13 ,$814.97 ,unavailable,unavailable,unavailable,unavailable,unavailable,$208.78 ,unavailable,$194.18 ,$140.89 
R5D Extra Large,db.r5d.xlarge,32,1 x 150 NVMe SSD,4,Up to 10 Gbps,$416.83 ,$321.20 ,$416.83 ,$321.20 ,unavailable,unavailable,$689.85 ,$579.47 ,"$1,146.83 ","$1,083.61 ","$1,871.72 ","$1,866.76 ",unavailable,unavailable,unavailable,$416.83 ,unavailable,$389.09 ,$281.71 
R6G 12xlarge Extra Large,db.r6g.12xlarge,384,Aurora IO Optimization Mode,48,20 Gigabit,"$3,938.35 ","$2,274.90 ","$3,763.15 ","$2,173.28 ",unavailable,unavailable,unavailable,unavailable,unavailable,unavailable,unavailable,unavailable,"$4,547.17 ","$2,979.28 ","$5,911.54 ","$3,763.15 ","$2,173.28 ",unavailable,unavailable
R6G 16xlarge Extra Large,db.r6g.16xlarge,512,Aurora IO Optimization Mode,64,25 Gigabit,"$5,251.62 ","$3,033.15 ","$5,018.02 ","$2,897.74 ",unavailable,unavailable,unavailable,unavailable,unavailable,unavailable,unavailable,unavailable,"$6,063.38 ","$3,972.37 ","$7,882.54 ","$5,018.02 ","$2,897.74 ",unavailable,unavailable
R6G Double Extra Large,db.r6g.2xlarge,64,EBS Only,8,Up to 10 Gigabit,$656.27 ,$379.16 ,$627.07 ,$362.23 ,unavailable,unavailable,unavailable,unavailable,unavailable,unavailable,unavailable,unavailable,$757.74 ,$496.55 ,$984.77 ,$627.07 ,$362.23 ,unavailable,unavailable
R6G Quadruple Extra Large,db.r6g.4xlarge,128,EBS Only,16,Up to 10 Gigabit,"$1,312.54 ",$758.32 ,"$1,254.14 ",$724.45 ,unavailable,unavailable,unavailable,unavailable,unavailable,unavailable,unavailable,unavailable,"$1,515.48 ",$993.09 ,"$1,970.27 ","$1,254.14 ",$724.45 ,unavailable,unavailable
R6G Eight Extra Large,db.r6g.8xlarge,256,EBS Only,32,10 Gigabit,"$2,625.81 ","$1,516.58 ","$2,509.01 ","$1,448.90 ",unavailable,unavailable,unavailable,unavailable,unavailable,unavailable,unavailable,unavailable,"$3,031.69 ","$1,986.18 ","$3,941.27 ","$2,509.01 ","$1,448.90 ",unavailable,unavailable
R6G Large,db.r6g.large,16,EBS Only,2,Up to 10 Gigabit,$164.25 ,$94.75 ,$156.95 ,$90.52 ,unavailable,unavailable,unavailable,unavailable,unavailable,unavailable,unavailable,unavailable,$189.80 ,$124.10 ,$246.74 ,$156.95 ,$90.52 ,unavailable,unavailable
R6G Extra Large,db.r6g.xlarge,32,EBS Only,4,Up to 10 Gigabit,$328.50 ,$189.58 ,$313.90 ,$181.11 ,unavailable,unavailable,unavailable,unavailable,unavailable,unavailable,unavailable,unavailable,$378.87 ,$248.27 ,$492.75 ,$313.90 ,$181.11 ,unavailable,unavailable
R6GD 12xlarge Extra Large,db.r6gd.12xlarge,384,2 x 1425 NVMe SSD,48,20 Gigabit,"$4,504.83 ","$3,468.96 ","$4,504.83 ","$3,468.96 ",unavailable,unavailable,unavailable,unavailable,unavailable,unavailable,unavailable,unavailable,"$5,466.24 ","$4,209.03 ","$7,105.82 ","$4,504.83 ","$3,468.96 ",unavailable,unavailable
R6GD 16xlarge Extra Large,db.r6gd.16xlarge,512,2 x 1900 NVMe SSD,64,25 Gigabit,"$6,007.17 ","$4,625.28 ","$6,007.17 ","$4,625.28 ",unavailable,unavailable,unavailable,unavailable,unavailable,unavailable,unavailable,unavailable,"$7,288.32 ","$5,612.02 ","$9,474.67 ","$6,007.17 ","$4,625.28 ",unavailable,unavailable
R6GD Double Extra Large,db.r6gd.2xlarge,64,1 x 475 NVMe SSD,8,Up to 10 Gigabit,$751.17 ,$578.16 ,$751.17 ,$578.16 ,unavailable,unavailable,unavailable,unavailable,unavailable,unavailable,unavailable,unavailable,$911.04 ,$701.53 ,"$1,184.06 ",$751.17 ,$578.16 ,unavailable,unavailable
R6GD Quadruple Extra Large,db.r6gd.4xlarge,128,Aurora IO Optimization Mode,16,Up to 10 Gigabit,"$1,501.61 ","$1,156.32 ","$1,501.61 ","$1,156.32 ",unavailable,unavailable,unavailable,unavailable,unavailable,unavailable,unavailable,unavailable,"$1,822.08 ","$1,402.99 ","$2,368.85 ","$1,501.61 ","$1,156.32 ",unavailable,unavailable
R6GD Eight Extra Large,db.r6gd.8xlarge,256,1 x 1900 NVMe SSD,32,10 Gigabit,"$3,003.22 ","$2,312.64 ","$3,003.22 ","$2,312.64 ",unavailable,unavailable,unavailable,unavailable,unavailable,unavailable,unavailable,unavailable,"$3,644.16 ","$2,805.97 ","$4,737.70 ","$3,003.22 ","$2,312.64 ",unavailable,unavailable
R6GD Large,db.r6gd.large,16,1 x 118 NVMe SSD,2,Up to 10 Gigabit,$187.61 ,$144.54 ,$187.61 ,$144.54 ,unavailable,unavailable,unavailable,unavailable,unavailable,unavailable,unavailable,unavailable,unavailable,unavailable,unavailable,$187.61 ,$144.54 ,unavailable,unavailable
R6GD Extra Large,db.r6gd.xlarge,32,1 x 237 NVMe SSD,4,Up to 10 Gigabit,$375.22 ,$289.08 ,$375.22 ,$289.08 ,unavailable,unavailable,unavailable,unavailable,unavailable,unavailable,unavailable,unavailable,$455.52 ,$350.77 ,$592.03 ,$375.22 ,$289.08 ,unavailable,unavailable
R6I 12xlarge Extra Large,db.r6i.12xlarge,384,EBS Only,48,18.75 Gbps,"$4,380.00 ","$2,529.89 ","$4,204.80 ","$2,428.27 ",unavailable,unavailable,unavailable,unavailable,unavailable,unavailable,"$21,908.76 ","$21,854.01 ","$5,080.80 ","$3,328.80 ","$6,605.04 ","$4,204.80 ","$2,428.27 ","$4,082.16 ","$2,361.19 "
R6I 12xlarge Extra Large,db.r6i.12xlarge.tpc2.mem2x,768,EBS Only,48,37.5 Gbps,unavailable,unavailable,unavailable,unavailable,unavailable,unavailable,unavailable,unavailable,unavailable,unavailable,unavailable,unavailable,unavailable,unavailable,unavailable,unavailable,unavailable,unavailable,unavailable
R6I 16xlarge Extra Large,db.r6i.16xlarge,512,EBS Only,64,25 Gbps,"$5,840.00 ","$3,373.18 ","$5,606.40 ","$3,237.70 ",unavailable,unavailable,unavailable,unavailable,unavailable,unavailable,"$29,211.68 ","$29,138.68 ","$6,774.40 ","$4,438.40 ","$8,806.72 ","$5,606.40 ","$3,237.70 ","$5,442.88 ","$3,148.42 "
R6I 24xlarge,db.r6i.24xlarge,768,EBS Only,96,37.5 Gbps,"$8,760.00 ","$5,059.78 ","$8,409.60 ","$4,856.54 ",unavailable,unavailable,unavailable,unavailable,unavailable,unavailable,"$43,817.52 ","$43,707.95 ","$10,161.60 ","$6,657.60 ","$13,210.08 ","$8,409.60 ","$4,856.54 ","$8,164.32 ","$4,722.37 "
R6I Double Extra Large,db.r6i.2xlarge,64,EBS Only,8,Up to 12.5 Gbps,$730.00 ,$421.65 ,$700.80 ,$404.71 ,unavailable,unavailable,"$1,284.80 ","$1,079.23 ","$2,219.20 ","$2,097.14 ","$3,651.46 ","$3,642.34 ",$846.80 ,$554.80 ,"$1,100.84 ",$700.80 ,$404.71 ,$680.36 ,$393.54 
R6I Double Extra Large,db.r6i.2xlarge.tpc1.mem2x,128,EBS Only,8,Up to 12.5 Gbps,unavailable,unavailable,unavailable,unavailable,unavailable,unavailable,unavailable,unavailable,unavailable,unavailable,unavailable,unavailable,unavailable,unavailable,unavailable,unavailable,unavailable,"$1,360.72 ",$979.73 
R6I Double Extra Large,db.r6i.2xlarge.tpc2.mem4x,256,EBS Only,8,12.5 Gbps,unavailable,unavailable,unavailable,unavailable,unavailable,unavailable,unavailable,unavailable,unavailable,unavailable,unavailable,unavailable,unavailable,unavailable,unavailable,unavailable,unavailable,"$2,721.44 ","$1,959.47 "
R6I Double Extra Large,db.r6i.2xlarge.tpc2.mem8x,512,EBS Only,8,25 Gbps,unavailable,unavailable,unavailable,unavailable,unavailable,unavailable,unavailable,unavailable,unavailable,unavailable,unavailable,unavailable,unavailable,unavailable,unavailable,unavailable,unavailable,"$5,442.88 ","$3,918.86 "
R6I 32xlarge,db.r6i.32xlarge,1024,EBS Only,128,50 Gbps,"$11,680.00 ","$6,746.37 ","$11,212.80 ","$6,475.39 ",unavailable,unavailable,unavailable,unavailable,unavailable,unavailable,"$58,423.36 ","$58,277.26 ","$13,548.80 ","$8,876.80 ","$17,613.44 ","$11,212.80 ","$6,475.39 ","$10,885.76 ","$6,296.83 "
R6I Quadruple Extra Large,db.r6i.4xlarge,128,Aurora IO Optimization Mode,16,Up to 12.5 Gbps,"$1,460.00 ",$843.30 ,"$1,401.60 ",$809.42 ,unavailable,unavailable,"$2,569.60 ","$2,158.46 ","$4,438.40 ","$4,194.29 ","$7,302.92 ","$7,284.67 ","$1,693.60 ","$1,109.60 ","$2,201.68 ","$1,401.60 ",$809.42 ,"$1,360.72 ",$787.09 
R6I Quadruple Extra Large,db.r6i.4xlarge.tpc2.mem2x,256,EBS Only,16,12.5 Gbps,unavailable,unavailable,unavailable,unavailable,unavailable,unavailable,unavailable,unavailable,unavailable,unavailable,unavailable,unavailable,unavailable,unavailable,unavailable,unavailable,unavailable,"$2,721.44 ","$1,959.47 "
R6I Quadruple Extra Large,db.r6i.4xlarge.tpc2.mem3x,384,EBS Only,16,18.75 Gbps,unavailable,unavailable,unavailable,unavailable,unavailable,unavailable,unavailable,unavailable,unavailable,unavailable,unavailable,unavailable,unavailable,unavailable,unavailable,unavailable,unavailable,"$4,082.16 ","$2,939.13 "
R6I Quadruple Extra Large,db.r6i.4xlarge.tpc2.mem4x,512,EBS Only,16,25 Gbps,unavailable,unavailable,unavailable,unavailable,unavailable,unavailable,unavailable,unavailable,unavailable,unavailable,unavailable,unavailable,unavailable,unavailable,unavailable,unavailable,unavailable,"$5,442.88 ","$3,918.86 "
R6I Quadruple Extra Large,db.r6i.4xlarge.tpc2.mem8x,1024,EBS Only,16,50 Gbps,unavailable,unavailable,unavailable,unavailable,unavailable,unavailable,unavailable,unavailable,unavailable,unavailable,unavailable,unavailable,unavailable,unavailable,unavailable,unavailable,unavailable,unavailable,unavailable
R6I 6xlarge,db.r6i.6xlarge.tpc2.mem4x,768,EBS Only,24,37.5 Gbps,unavailable,unavailable,unavailable,unavailable,unavailable,unavailable,unavailable,unavailable,unavailable,unavailable,unavailable,unavailable,unavailable,unavailable,unavailable,unavailable,unavailable,"$8,164.32 ","$5,878.33 "
R6I Eight Extra Large,db.r6i.8xlarge,256,EBS Only,32,12.5 Gbps,"$2,920.00 ","$1,686.59 ","$2,803.20 ","$1,618.85 ",unavailable,unavailable,unavailable,unavailable,"$8,876.80 ","$8,388.58 ","$14,605.84 ","$14,569.34 ","$3,387.20 ","$2,219.20 ","$4,403.36 ","$2,803.20 ","$1,618.85 ","$2,721.44 ","$1,574.17 "
R6I Eight Extra Large,db.r6i.8xlarge.tpc2.mem3x,768,EBS Only,32,37.5 Gbps,unavailable,unavailable,unavailable,unavailable,unavailable,unavailable,unavailable,unavailable,unavailable,unavailable,unavailable,unavailable,unavailable,unavailable,unavailable,unavailable,unavailable,"$8,164.32 ","$5,878.33 "
R6I Eight Extra Large,db.r6i.8xlarge.tpc2.mem4x,1024,EBS Only,32,50 Gbps,unavailable,unavailable,unavailable,unavailable,unavailable,unavailable,unavailable,unavailable,unavailable,unavailable,unavailable,unavailable,unavailable,unavailable,unavailable,unavailable,unavailable,"$10,885.76 ","$7,837.72 "
R6I Large,db.r6i.large,16,EBS Only,2,Up to 12.5 Gbps,$182.50 ,$105.41 ,$175.20 ,$101.18 ,unavailable,unavailable,$335.80 ,$282.07 ,$744.60 ,$703.65 ,unavailable,unavailable,$211.70 ,$138.70 ,$275.21 ,$175.20 ,$101.18 ,$170.09 ,$98.40 
R6I Large,db.r6i.large.tpc1.mem2x,32,EBS Only,2,Up to 12.5 Gbps,unavailable,unavailable,unavailable,unavailable,unavailable,unavailable,unavailable,unavailable,unavailable,unavailable,unavailable,unavailable,unavailable,unavailable,unavailable,unavailable,unavailable,$340.18 ,$244.92 
R6I Extra Large,db.r6i.xlarge,32,EBS Only,4,Up to 12.5 Gbps,$365.00 ,$210.82 ,$350.40 ,$202.36 ,unavailable,unavailable,$642.40 ,$539.62 ,"$1,109.60 ","$1,048.57 ","$1,825.73 ","$1,821.13 ",$423.40 ,$277.40 ,$550.42 ,$350.40 ,$202.36 ,$340.18 ,$196.74 
R6I Extra Large,db.r6i.xlarge.tpc2.mem2x,64,EBS Only,4,Up to 12.5 Gbps,unavailable,unavailable,unavailable,unavailable,unavailable,unavailable,unavailable,unavailable,unavailable,unavailable,unavailable,unavailable,unavailable,unavailable,unavailable,unavailable,unavailable,$680.36 ,$489.83 
R6I Extra Large,db.r6i.xlarge.tpc2.mem4x,128,EBS Only,4,Up to 12.5 Gbps,unavailable,unavailable,unavailable,unavailable,unavailable,unavailable,unavailable,unavailable,unavailable,unavailable,unavailable,unavailable,unavailable,unavailable,unavailable,unavailable,unavailable,"$1,360.72 ",$979.73 
R6ID 12xlarge Extra Large,db.r6id.12xlarge,384,2 x 1425 NVMe SSD,48,18.75 Gbps,"$5,224.61 ","$4,023.03 ","$5,224.61 ","$4,023.03 ",unavailable,unavailable,unavailable,unavailable,unavailable,unavailable,unavailable,unavailable,unavailable,unavailable,unavailable,"$5,224.61 ","$4,023.03 ","$5,220.96 ","$4,020.11 "
R6ID 16xlarge Extra Large,db.r6id.16xlarge,512,2 x 1900 NVMe SSD,64,25 Gbps,"$6,966.39 ","$5,363.97 ","$6,966.39 ","$5,363.97 ",unavailable,unavailable,unavailable,unavailable,unavailable,unavailable,unavailable,unavailable,unavailable,unavailable,unavailable,"$6,966.39 ","$5,363.97 ","$6,961.28 ","$5,360.39 "
R6ID 24xlarge,db.r6id.24xlarge,768,Aurora IO Optimization Mode,96,37.5 Gbps,"$10,449.22 ","$8,045.99 ","$10,449.22 ","$8,045.99 ",unavailable,unavailable,unavailable,unavailable,unavailable,unavailable,unavailable,unavailable,"$12,193.92 ","$9,389.33 ","$15,851.95 ","$10,449.22 ","$8,045.99 ","$10,441.92 ","$8,040.22 "
R6ID Double Extra Large,db.r6id.2xlarge,64,1 x 474 NVMe SSD,8,Up to 12.5 Gbps,$870.89 ,$670.51 ,$870.89 ,$670.51 ,unavailable,unavailable,unavailable,unavailable,unavailable,unavailable,unavailable,unavailable,unavailable,unavailable,unavailable,$870.89 ,$670.51 ,$870.16 ,$670.14 
R6ID 32xlarge,db.r6id.32xlarge,1024,Aurora IO Optimization Mode,128,50 Gbps,"$13,932.78 ","$10,728.01 ","$13,932.78 ","$10,728.01 ",unavailable,unavailable,unavailable,unavailable,unavailable,unavailable,unavailable,unavailable,"$16,258.56 ","$12,519.06 ","$21,136.42 ","$13,932.78 ","$10,728.01 ","$13,922.56 ","$10,720.05 "
R6ID Quadruple Extra Large,db.r6id.4xlarge,128,1 x 950 NVMe SSD,16,Up to 12.5 Gbps,"$1,741.78 ","$1,341.01 ","$1,741.78 ","$1,341.01 ",unavailable,unavailable,unavailable,unavailable,unavailable,unavailable,unavailable,unavailable,unavailable,unavailable,unavailable,"$1,741.78 ","$1,341.01 ","$1,740.32 ","$1,340.28 "
R6ID Eight Extra Large,db.r6id.8xlarge,256,1 x 1900 NVMe SSD,32,12.5 Gbps,"$3,482.83 ","$2,682.02 ","$3,482.83 ","$2,682.02 ",unavailable,unavailable,unavailable,unavailable,unavailable,unavailable,unavailable,unavailable,unavailable,unavailable,unavailable,"$3,482.83 ","$2,682.02 ","$3,480.64 ","$2,679.83 "
R6ID Large,db.r6id.large,16,1 x 118 NVMe SSD,2,Up to 12.5 Gbps,$217.54 ,$167.61 ,$217.54 ,$167.61 ,unavailable,unavailable,unavailable,unavailable,unavailable,unavailable,unavailable,unavailable,unavailable,unavailable,unavailable,$217.54 ,$167.61 ,$217.54 ,$167.17 
R6ID Extra Large,db.r6id.xlarge,32,1 x 237 NVMe SSD,4,Up to 12.5 Gbps,$435.08 ,$335.22 ,$435.08 ,$335.22 ,unavailable,unavailable,unavailable,unavailable,unavailable,unavailable,unavailable,unavailable,unavailable,unavailable,unavailable,$435.08 ,$335.22 ,$435.08 ,$335.07 
R6IDN 12xlarge Extra Large,db.r6idn.12xlarge,384,2 x 1425 NVMe SSD,48,75 Gbps,"$6,791.92 ","$5,229.72 ","$6,791.92 ","$5,229.72 ",unavailable,unavailable,unavailable,unavailable,unavailable,unavailable,unavailable,unavailable,unavailable,unavailable,unavailable,"$6,791.92 ","$5,229.72 ",unavailable,unavailable
R6IDN 16xlarge Extra Large,db.r6idn.16xlarge,512,2 x 1900 NVMe SSD,64,100 Gbps,"$9,055.65 ","$6,972.89 ","$9,055.65 ","$6,972.89 ",unavailable,unavailable,unavailable,unavailable,unavailable,unavailable,unavailable,unavailable,unavailable,unavailable,unavailable,"$9,055.65 ","$6,972.89 ",unavailable,unavailable
R6IDN 24xlarge,db.r6idn.24xlarge,768,4 x 1425 NVMe SSD,96,150 Gbps,"$13,583.84 ","$10,459.37 ","$13,583.84 ","$10,459.37 ",unavailable,unavailable,unavailable,unavailable,unavailable,unavailable,unavailable,unavailable,unavailable,unavailable,unavailable,"$13,583.84 ","$10,459.37 ",unavailable,unavailable
R6IDN Double Extra Large,db.r6idn.2xlarge,64,1 x 474 NVMe SSD,8,Up to 40 Gbps,"$1,132.23 ",$871.62 ,"$1,132.23 ",$871.62 ,unavailable,unavailable,unavailable,unavailable,unavailable,unavailable,unavailable,unavailable,unavailable,unavailable,unavailable,"$1,132.23 ",$871.62 ,unavailable,unavailable
R6IDN 32xlarge,db.r6idn.32xlarge,1024,4 x 1900 NVMe SSD,128,200 Gbps,"$18,111.30 ","$13,945.85 ","$18,111.30 ","$13,945.85 ",unavailable,unavailable,unavailable,unavailable,unavailable,unavailable,unavailable,unavailable,unavailable,unavailable,unavailable,"$18,111.30 ","$13,945.85 ",unavailable,unavailable
R6IDN Quadruple Extra Large,db.r6idn.4xlarge,128,1 x 950 NVMe SSD,16,Up to 50 Gbps,"$2,263.73 ","$1,743.24 ","$2,263.73 ","$1,743.24 ",unavailable,unavailable,unavailable,unavailable,unavailable,unavailable,unavailable,unavailable,unavailable,unavailable,unavailable,"$2,263.73 ","$1,743.24 ",unavailable,unavailable
R6IDN Eight Extra Large,db.r6idn.8xlarge,256,1 x 1900 NVMe SSD,32,50 Gbps,"$4,528.19 ","$3,486.48 ","$4,528.19 ","$3,486.48 ",unavailable,unavailable,unavailable,unavailable,unavailable,unavailable,unavailable,unavailable,unavailable,unavailable,unavailable,"$4,528.19 ","$3,486.48 ",unavailable,unavailable
R6IDN Large,db.r6idn.large,16,1 x 118 NVMe SSD,2,Up to 25 Gbps,$283.24 ,$217.91 ,$283.24 ,$217.91 ,unavailable,unavailable,unavailable,unavailable,unavailable,unavailable,unavailable,unavailable,unavailable,unavailable,unavailable,$283.24 ,$217.91 ,unavailable,unavailable
R6IDN Extra Large,db.r6idn.xlarge,32,1 x 237 NVMe SSD,4,Up to 30 Gbps,$565.75 ,$435.81 ,$565.75 ,$435.81 ,unavailable,unavailable,unavailable,unavailable,unavailable,unavailable,unavailable,unavailable,unavailable,unavailable,unavailable,$565.75 ,$435.81 ,unavailable,unavailable
R6IN 12xlarge Extra Large,db.r6in.12xlarge,384,EBS Only,48,75 Gbps,"$6,060.46 ","$4,666.31 ","$6,060.46 ","$4,666.31 ",unavailable,unavailable,unavailable,unavailable,unavailable,unavailable,unavailable,unavailable,unavailable,unavailable,unavailable,"$6,060.46 ","$4,666.31 ","$6,061.92 ",unavailable
R6IN 16xlarge Extra Large,db.r6in.16xlarge,512,EBS Only,64,100 Gbps,"$8,080.37 ","$6,221.79 ","$8,080.37 ","$6,221.79 ",unavailable,unavailable,unavailable,unavailable,unavailable,unavailable,unavailable,unavailable,unavailable,unavailable,unavailable,"$8,080.37 ","$6,221.79 ","$8,082.56 ",unavailable
R6IN 24xlarge,db.r6in.24xlarge,768,EBS Only,96,150 Gbps,"$12,120.19 ","$9,332.69 ","$12,120.19 ","$9,332.69 ",unavailable,unavailable,unavailable,unavailable,unavailable,unavailable,unavailable,unavailable,unavailable,unavailable,unavailable,"$12,120.19 ","$9,332.69 ","$12,123.84 ",unavailable
R6IN Double Extra Large,db.r6in.2xlarge,64,EBS Only,8,Up to 40 Gbps,"$1,010.32 ",$777.74 ,"$1,010.32 ",$777.74 ,unavailable,unavailable,unavailable,unavailable,unavailable,unavailable,unavailable,unavailable,unavailable,unavailable,unavailable,"$1,010.32 ",$777.74 ,"$1,010.32 ",unavailable
R6IN 32xlarge,db.r6in.32xlarge,1024,EBS Only,128,200 Gbps,"$16,160.74 ","$12,443.58 ","$16,160.74 ","$12,443.58 ",unavailable,unavailable,unavailable,unavailable,unavailable,unavailable,unavailable,unavailable,unavailable,unavailable,unavailable,"$16,160.74 ","$12,443.58 ","$16,165.12 ",unavailable
R6IN Quadruple Extra Large,db.r6in.4xlarge,128,EBS Only,16,Up to 50 Gbps,"$2,019.91 ","$1,555.41 ","$2,019.91 ","$1,555.41 ",unavailable,unavailable,unavailable,unavailable,unavailable,unavailable,unavailable,unavailable,unavailable,unavailable,unavailable,"$2,019.91 ","$1,555.41 ","$2,020.64 ",unavailable
R6IN Eight Extra Large,db.r6in.8xlarge,256,EBS Only,32,50 Gbps,"$4,039.82 ","$3,110.90 ","$4,039.82 ","$3,110.90 ",unavailable,unavailable,unavailable,unavailable,unavailable,unavailable,unavailable,unavailable,unavailable,unavailable,unavailable,"$4,039.82 ","$3,110.90 ","$4,041.28 ",unavailable
R6IN Large,db.r6in.large,16,EBS Only,2,Up to 25 Gbps,$252.58 ,$194.40 ,$252.58 ,$194.40 ,unavailable,unavailable,unavailable,unavailable,unavailable,unavailable,unavailable,unavailable,unavailable,unavailable,unavailable,$252.58 ,$194.40 ,$252.58 ,unavailable
R6IN Extra Large,db.r6in.xlarge,32,EBS Only,4,Up to 30 Gbps,$505.16 ,$388.87 ,$505.16 ,$388.87 ,unavailable,unavailable,unavailable,unavailable,unavailable,unavailable,unavailable,unavailable,unavailable,unavailable,unavailable,$505.16 ,$388.87 ,$505.16 ,unavailable
R7G 12xlarge Extra Large,db.r7g.12xlarge,384,EBS Only,48,22.5 Gigabit,"$4,188.74 ","$3,225.07 ","$4,188.74 ","$3,225.07 ",unavailable,unavailable,unavailable,unavailable,unavailable,unavailable,unavailable,unavailable,"$4,842.09 ","$3,728.48 ","$6,294.79 ","$4,188.74 ","$3,225.07 ",unavailable,unavailable
R7G 16xlarge Extra Large,db.r7g.16xlarge,512,EBS Only,64,30 Gigabit,"$5,584.50 ","$4,300.07 ","$5,584.50 ","$4,300.07 ",unavailable,unavailable,unavailable,unavailable,unavailable,unavailable,unavailable,unavailable,"$6,456.12 ","$4,971.30 ","$8,392.81 ","$5,584.50 ","$4,300.07 ",unavailable,unavailable
R7G Double Extra Large,db.r7g.2xlarge,64,Aurora IO Optimization Mode,8,15 Gigabit,$697.88 ,$537.50 ,$697.88 ,$537.50 ,unavailable,unavailable,unavailable,unavailable,unavailable,unavailable,unavailable,unavailable,$807.38 ,$621.45 ,"$1,049.01 ",$697.88 ,$537.50 ,unavailable,unavailable
R7G Quadruple Extra Large,db.r7g.4xlarge,128,Aurora IO Optimization Mode,16,15 Gigabit,"$1,396.49 ","$1,075.00 ","$1,396.49 ","$1,075.00 ",unavailable,unavailable,unavailable,unavailable,unavailable,unavailable,unavailable,unavailable,"$1,614.03 ","$1,242.83 ","$2,098.02 ","$1,396.49 ","$1,075.00 ",unavailable,unavailable
R7G Eight Extra Large,db.r7g.8xlarge,256,EBS Only,32,15 Gigabit,"$2,792.25 ","$2,150.07 ","$2,792.25 ","$2,150.07 ",unavailable,unavailable,unavailable,unavailable,unavailable,unavailable,unavailable,unavailable,"$3,228.06 ","$2,485.65 ","$4,196.77 ","$2,792.25 ","$2,150.07 ",unavailable,unavailable
R7G Large,db.r7g.large,16,EBS Only,2,Up to 12.5 Gigabit,$174.47 ,$134.39 ,$174.47 ,$134.39 ,unavailable,unavailable,unavailable,unavailable,unavailable,unavailable,unavailable,unavailable,$201.48 ,$155.34 ,$262.07 ,$174.47 ,$134.39 ,unavailable,unavailable
R7G Extra Large,db.r7g.xlarge,32,EBS Only,4,Up to 12.5 Gigabit,$348.94 ,$268.79 ,$348.94 ,$268.79 ,unavailable,unavailable,unavailable,unavailable,unavailable,unavailable,unavailable,unavailable,$403.69 ,$310.69 ,$524.87 ,$348.94 ,$268.79 ,unavailable,unavailable
R7I 12xlarge Extra Large,db.r7i.12xlarge,384,EBS Only,48,18.75 Gbps,"$4,380.00 ","$2,934.60 ","$4,380.00 ","$2,934.60 ",unavailable,unavailable,unavailable,unavailable,unavailable,unavailable,unavailable,unavailable,"$5,080.80 ","$3,403.99 ","$6,605.04 ","$4,380.00 ","$2,934.60 ","$4,380.00 ","$2,934.60 "
R7I 16xlarge Extra Large,db.r7i.16xlarge,512,EBS Only,64,25 Gbps,"$5,840.00 ","$3,912.80 ","$5,840.00 ","$3,912.80 ",unavailable,unavailable,unavailable,unavailable,unavailable,unavailable,unavailable,unavailable,"$6,774.40 ","$4,539.14 ","$8,806.72 ","$5,840.00 ","$3,912.80 ","$5,840.00 ","$3,912.80 "
R7I 24xlarge,db.r7i.24xlarge,768,EBS Only,96,37.5 Gbps,"$8,760.00 ","$5,869.20 ","$8,760.00 ","$5,869.20 ",unavailable,unavailable,unavailable,unavailable,unavailable,unavailable,unavailable,unavailable,"$10,161.60 ","$6,807.98 ","$13,210.08 ","$8,760.00 ","$5,869.20 ","$8,760.00 ","$5,869.20 "
R7I Double Extra Large,db.r7i.2xlarge,64,EBS Only,8,Up to 12.5 Gbps,$730.00 ,$489.10 ,$730.00 ,$489.10 ,unavailable,unavailable,unavailable,unavailable,unavailable,unavailable,unavailable,unavailable,$846.80 ,$567.21 ,"$1,100.84 ",$730.00 ,$489.10 ,$730.00 ,$489.10 
R7I 48xlarge,db.r7i.48xlarge,1536,EBS Only,192,50 Gbps,"$17,520.00 ","$11,738.40 ","$17,520.00 ","$11,738.40 ",unavailable,unavailable,unavailable,unavailable,unavailable,unavailable,unavailable,unavailable,"$20,323.20 ","$13,616.69 ","$26,420.16 ","$17,520.00 ","$11,738.40 ","$17,520.00 ","$11,738.40 "
R7I Quadruple Extra Large,db.r7i.4xlarge,128,EBS Only,16,Up to 12.5 Gbps,"$1,460.00 ",$978.20 ,"$1,460.00 ",$978.20 ,unavailable,unavailable,unavailable,unavailable,unavailable,unavailable,unavailable,unavailable,"$1,693.60 ","$1,134.42 ","$2,201.68 ","$1,460.00 ",$978.20 ,"$1,460.00 ",$978.20 
R7I Eight Extra Large,db.r7i.8xlarge,256,EBS Only,32,12.5 Gbps,"$2,920.00 ","$1,956.40 ","$2,920.00 ","$1,956.40 ",unavailable,unavailable,unavailable,unavailable,unavailable,unavailable,unavailable,unavailable,"$3,387.20 ","$2,269.57 ","$4,403.36 ","$2,920.00 ","$1,956.40 ","$2,920.00 ","$1,956.40 "
R7I Large,db.r7i.large,16,EBS Only,2,Up to 12.5 Gbps,$182.50 ,$121.91 ,$182.50 ,$121.91 ,unavailable,unavailable,unavailable,unavailable,unavailable,unavailable,unavailable,unavailable,$211.70 ,$141.62 ,$275.21 ,$182.50 ,$121.91 ,$182.50 ,$121.91 
R7I Extra Large,db.r7i.xlarge,32,EBS Only,4,Up to 12.5 Gbps,$365.00 ,$244.55 ,$365.00 ,$244.55 ,unavailable,unavailable,unavailable,unavailable,unavailable,unavailable,unavailable,unavailable,$423.40 ,$283.97 ,$550.42 ,$365.00 ,$244.55 ,$365.00 ,$244.55 
R8G 12xlarge Extra Large,db.r8g.12xlarge,384,Aurora IO Optimization Mode,48,22.5 Gigabit,"$4,187.28 ","$2,805.39 ","$4,187.28 ","$2,805.39 ",unavailable,unavailable,unavailable,unavailable,unavailable,unavailable,unavailable,unavailable,"$4,835.52 ","$3,239.74 ","$6,289.68 ","$4,187.28 ","$2,805.39 ",unavailable,unavailable
R8G 16xlarge Extra Large,db.r8g.16xlarge,512,EBS Only,64,30 Gigabit,"$5,583.04 ","$3,740.52 ","$5,583.04 ","$3,740.52 ",unavailable,unavailable,unavailable,unavailable,unavailable,unavailable,unavailable,unavailable,"$6,447.36 ","$4,319.41 ","$8,386.24 ","$5,583.04 ","$3,740.52 ",unavailable,unavailable
R8G 24xlarge,db.r8g.24xlarge,768,EBS Only,96,40 Gigabit,"$8,374.56 ","$5,610.78 ","$8,374.56 ","$5,610.78 ",unavailable,unavailable,unavailable,unavailable,unavailable,unavailable,unavailable,unavailable,"$9,671.04 ","$6,479.48 ","$12,579.36 ","$8,374.56 ","$5,610.78 ",unavailable,unavailable
R8G Double Extra Large,db.r8g.2xlarge,64,EBS Only,8,Up to 15 Gigabit,$697.88 ,$467.93 ,$697.88 ,$467.93 ,unavailable,unavailable,unavailable,unavailable,unavailable,unavailable,unavailable,unavailable,$805.92 ,$540.20 ,"$1,048.28 ",$697.88 ,$467.93 ,unavailable,unavailable
R8G 48xlarge,db.r8g.48xlarge,1536,EBS Only,192,50 Gigabit,"$16,749.12 ","$11,221.56 ","$16,749.12 ","$11,221.56 ",unavailable,unavailable,unavailable,unavailable,unavailable,unavailable,unavailable,unavailable,"$19,342.08 ","$12,958.96 ","$25,158.72 ","$16,749.12 ","$11,221.56 ",unavailable,unavailable
R8G Quadruple Extra Large,db.r8g.4xlarge,128,Aurora IO Optimization Mode,16,Up to 15 Gigabit,"$1,395.76 ",$935.13 ,"$1,395.76 ",$935.13 ,unavailable,unavailable,unavailable,unavailable,unavailable,unavailable,unavailable,unavailable,"$1,611.84 ","$1,079.67 ","$2,096.56 ","$1,395.76 ",$935.13 ,unavailable,unavailable
R8G Eight Extra Large,db.r8g.8xlarge,256,EBS Only,32,15 Gigabit,"$2,791.52 ","$1,870.26 ","$2,791.52 ","$1,870.26 ",unavailable,unavailable,unavailable,unavailable,unavailable,unavailable,unavailable,unavailable,"$3,223.68 ","$2,160.07 ","$4,193.12 ","$2,791.52 ","$1,870.26 ",unavailable,unavailable
R8G Large,db.r8g.large,16,EBS Only,2,Up to 12.5 Gigabit,$174.47 ,$116.80 ,$174.47 ,$116.80 ,unavailable,unavailable,unavailable,unavailable,unavailable,unavailable,unavailable,unavailable,$201.48 ,$135.05 ,$262.07 ,$174.47 ,$116.80 ,unavailable,unavailable
R8G Extra Large,db.r8g.xlarge,32,EBS Only,4,Up to 12.5 Gigabit,$348.94 ,$233.60 ,$348.94 ,$233.60 ,unavailable,unavailable,unavailable,unavailable,unavailable,unavailable,unavailable,unavailable,$402.96 ,$270.10 ,$524.14 ,$348.94 ,$233.60 ,unavailable,unavailable
T1 Micro,db.t1.micro,0.613,EBS Only,1,Very Low,$18.98 ,unavailable,$18.25 ,unavailable,unavailable,unavailable,unavailable,unavailable,unavailable,unavailable,unavailable,unavailable,unavailable,unavailable,unavailable,unavailable,unavailable,unavailable,unavailable
T2 General Purpose Double Extra Large,db.t2.2xlarge,32,EBS Only,8,Moderate,$423.40 ,unavailable,$397.12 ,unavailable,unavailable,unavailable,unavailable,unavailable,unavailable,unavailable,unavailable,unavailable,unavailable,unavailable,unavailable,$397.12 ,unavailable,$397.12 ,unavailable
T2 General Purpose Large,db.t2.large,8,EBS Only,2,Low to Moderate,$105.85 ,unavailable,$99.28 ,unavailable,unavailable,unavailable,unavailable,unavailable,unavailable,unavailable,unavailable,unavailable,unavailable,unavailable,unavailable,$99.28 ,unavailable,$99.28 ,unavailable
T2 General Purpose Medium,db.t2.medium,4,EBS Only,2,Low to Moderate,$53.29 ,unavailable,$49.64 ,unavailable,$64.24 ,unavailable,$210.24 ,unavailable,unavailable,unavailable,unavailable,unavailable,unavailable,unavailable,unavailable,$49.64 ,unavailable,$49.64 ,unavailable
T2 General Purpose Micro,db.t2.micro,1,EBS Only,1,Low to Moderate,$13.14 ,unavailable,$12.41 ,unavailable,$16.06 ,unavailable,unavailable,unavailable,unavailable,unavailable,unavailable,unavailable,unavailable,unavailable,unavailable,$12.41 ,unavailable,$12.41 ,unavailable
T2 General Purpose Small,db.t2.small,2,EBS Only,1,Low to Moderate,$26.28 ,unavailable,$24.82 ,unavailable,$32.12 ,unavailable,$105.12 ,unavailable,unavailable,unavailable,unavailable,unavailable,unavailable,unavailable,unavailable,$24.82 ,unavailable,$24.82 ,unavailable
T2 General Purpose Extra Large,db.t2.xlarge,16,EBS Only,4,Moderate,$211.70 ,unavailable,$198.56 ,unavailable,unavailable,unavailable,unavailable,unavailable,unavailable,unavailable,unavailable,unavailable,unavailable,unavailable,unavailable,$198.56 ,unavailable,$198.56 ,unavailable
T3 Double Extra Large,db.t3.2xlarge,32,EBS Only,8,Moderate,$422.67 ,$301.86 ,$397.12 ,$279.37 ,unavailable,unavailable,$584.00 ,$367.77 ,"$1,524.24 ","$1,440.44 ","$3,302.52 ",unavailable,unavailable,unavailable,unavailable,$397.12 ,$279.37 ,$397.12 ,$250.17 
T3 Large,db.t3.large,8,EBS Only,2,Low to Moderate,$105.85 ,$75.48 ,$99.28 ,$69.86 ,$118.26 ,$74.39 ,$169.36 ,$106.65 ,unavailable,unavailable,unavailable,unavailable,$119.72 ,$93.44 ,$155.49 ,$99.28 ,$69.86 ,$99.28 ,$62.56 
T3 Medium,db.t3.medium,4,EBS Only,2,Low to Moderate,$52.56 ,$37.74 ,$49.64 ,$34.89 ,$64.24 ,$40.30 ,$121.18 ,$76.29 ,unavailable,unavailable,unavailable,unavailable,$59.86 ,$46.72 ,$78.11 ,$49.64 ,$34.89 ,$49.64 ,$31.24 
T3 Micro,db.t3.micro,1,EBS Only,2,Low to Moderate,$13.14 ,$9.42 ,$12.41 ,$8.76 ,$16.06 ,unavailable,unavailable,unavailable,unavailable,unavailable,unavailable,unavailable,unavailable,unavailable,unavailable,$12.41 ,$8.76 ,unavailable,unavailable
T3 Small,db.t3.small,2,Aurora IO Optimization Mode,2,Low to Moderate,$26.28 ,$18.83 ,$24.82 ,$17.45 ,$32.12 ,$20.22 ,$101.47 ,$63.88 ,unavailable,unavailable,unavailable,unavailable,unavailable,unavailable,$38.69 ,$24.82 ,$17.45 ,$24.82 ,$15.62 
T3 Extra Large,db.t3.xlarge,16,EBS Only,4,Moderate,$211.70 ,$150.96 ,$198.56 ,$139.72 ,$255.50 ,$161.18 ,$292.00 ,$183.89 ,$762.12 ,$720.22 ,"$1,651.26 ",unavailable,unavailable,unavailable,unavailable,$198.56 ,$139.72 ,$198.56 ,$125.12 
T4G Double Extra Large,db.t4g.2xlarge,32,EBS Only,8,Up to 5 Gigabit,$377.41 ,$271.63 ,$377.41 ,$271.63 ,unavailable,unavailable,unavailable,unavailable,unavailable,unavailable,unavailable,unavailable,unavailable,unavailable,unavailable,$377.41 ,$271.63 ,unavailable,unavailable
T4G Large,db.t4g.large,8,Aurora IO Optimization Mode,2,Up to 5 Gigabit,$94.17 ,$67.89 ,$94.17 ,$67.89 ,unavailable,unavailable,unavailable,unavailable,unavailable,unavailable,unavailable,unavailable,$106.58 ,$83.15 ,$138.70 ,$94.17 ,$67.89 ,unavailable,unavailable
T4G Medium,db.t4g.medium,4,EBS Only,2,Up to 5 Gigabit,$47.45 ,$33.95 ,$47.45 ,$33.95 ,unavailable,unavailable,unavailable,unavailable,unavailable,unavailable,unavailable,unavailable,$53.29 ,$41.54 ,$69.35 ,$47.45 ,$33.95 ,unavailable,unavailable
T4G Micro,db.t4g.micro,1,EBS Only,2,Up to 5 Gigabit,$11.68 ,$8.47 ,$11.68 ,$8.47 ,unavailable,unavailable,unavailable,unavailable,unavailable,unavailable,unavailable,unavailable,unavailable,unavailable,unavailable,$11.68 ,$8.47 ,unavailable,unavailable
T4G Small,db.t4g.small,2,EBS Only,2,Up to 5 Gigabit,$23.36 ,$17.01 ,$23.36 ,$17.01 ,unavailable,unavailable,unavailable,unavailable,unavailable,unavailable,unavailable,unavailable,unavailable,unavailable,unavailable,$23.36 ,$17.01 ,unavailable,unavailable
T4G Extra Large,db.t4g.xlarge,16,EBS Only,4,Up to 5 Gigabit,$188.34 ,$135.78 ,$188.34 ,$135.78 ,unavailable,unavailable,unavailable,unavailable,unavailable,unavailable,unavailable,unavailable,unavailable,unavailable,unavailable,$188.34 ,$135.78 ,unavailable,unavailable
X1 16xlarge Extra Large,db.x1.16xlarge,976,1 x 1920 SSD,64,10 Gigabit,unavailable,unavailable,unavailable,unavailable,unavailable,unavailable,unavailable,unavailable,"$20,829.09 ","$19,683.79 ","$35,579.47 ",unavailable,unavailable,unavailable,unavailable,unavailable,unavailable,"$8,176.00 ",unavailable
X1 32xlarge,db.x1.32xlarge,1952,2 x 1920 SSD,128,25 Gigabit,unavailable,unavailable,unavailable,unavailable,unavailable,unavailable,unavailable,unavailable,"$41,658.91 ","$39,367.59 ","$71,158.94 ",unavailable,unavailable,unavailable,unavailable,unavailable,unavailable,"$16,352.00 ",unavailable
X1E 16xlarge Extra Large,db.x1e.16xlarge,1952,1 x 1920 SSD,64,Up to 10 Gigabit,unavailable,unavailable,unavailable,unavailable,unavailable,unavailable,unavailable,unavailable,"$28,869.31 ",unavailable,"$38,233.02 ",unavailable,unavailable,unavailable,unavailable,unavailable,unavailable,"$16,365.07 ",unavailable
X1E Double Extra Large,db.x1e.2xlarge,244,1 x 240 SSD,8,Up to 10 Gigabit,unavailable,unavailable,unavailable,unavailable,unavailable,unavailable,unavailable,unavailable,"$3,608.39 ",unavailable,"$4,779.31 ",unavailable,unavailable,unavailable,unavailable,unavailable,unavailable,"$2,045.61 ",unavailable
X1E 32xlarge,db.x1e.32xlarge,3904,2 x 1920 SSD,128,25 Gigabit,unavailable,unavailable,unavailable,unavailable,unavailable,unavailable,unavailable,unavailable,"$57,738.62 ",unavailable,"$76,466.77 ",unavailable,unavailable,unavailable,unavailable,unavailable,unavailable,"$32,730.13 ",unavailable
X1E Quadruple Extra Large,db.x1e.4xlarge,488,1 x 480 SSD,16,Up to 10 Gigabit,unavailable,unavailable,unavailable,unavailable,unavailable,unavailable,unavailable,unavailable,"$7,217.51 ",unavailable,"$9,558.62 ",unavailable,unavailable,unavailable,unavailable,unavailable,unavailable,"$4,091.29 ",unavailable
X1E Eight Extra Large,db.x1e.8xlarge,976,1 x 960 SSD,32,Up to 10 Gigabit,unavailable,unavailable,unavailable,unavailable,unavailable,unavailable,unavailable,unavailable,"$14,435.02 ",unavailable,"$19,116.51 ",unavailable,unavailable,unavailable,unavailable,unavailable,unavailable,"$8,182.57 ",unavailable
X1E Extra Large,db.x1e.xlarge,122,1 x 120 SSD,4,Up to 10 Gigabit,unavailable,unavailable,unavailable,unavailable,unavailable,unavailable,unavailable,unavailable,"$1,804.56 ",unavailable,"$2,389.29 ",unavailable,unavailable,unavailable,unavailable,unavailable,unavailable,"$1,022.80 ",unavailable
X2G 12xlarge Extra Large,db.x2g.12xlarge,768,Aurora IO Optimization Mode,48,20 Gigabit,"$5,711.52 ","$3,312.67 ","$5,711.52 ","$3,312.67 ",unavailable,unavailable,unavailable,unavailable,unavailable,unavailable,unavailable,unavailable,"$6,605.04 ","$4,291.01 ","$8,586.26 ","$5,711.52 ","$3,312.67 ",unavailable,unavailable
X2G 16xlarge Extra Large,db.x2g.16xlarge,1024,Aurora IO Optimization Mode,64,25 Gigabit,"$7,615.36 ","$4,416.94 ","$7,615.36 ","$4,416.94 ",unavailable,unavailable,unavailable,unavailable,unavailable,unavailable,unavailable,unavailable,"$8,806.72 ","$5,721.30 ","$11,448.59 ","$7,615.36 ","$4,416.94 ",unavailable,unavailable
X2G Double Extra Large,db.x2g.2xlarge,128,Aurora IO Optimization Mode,8,Up to 10 Gigabit,$951.92 ,$552.10 ,$951.92 ,$552.10 ,unavailable,unavailable,unavailable,unavailable,unavailable,unavailable,unavailable,unavailable,"$1,100.84 ",$715.18 ,"$1,430.80 ",$951.92 ,$552.10 ,unavailable,unavailable
X2G Quadruple Extra Large,db.x2g.4xlarge,256,Aurora IO Optimization Mode,16,Up to 10 Gigabit,"$1,903.84 ","$1,104.20 ","$1,903.84 ","$1,104.20 ",unavailable,unavailable,unavailable,unavailable,unavailable,unavailable,unavailable,unavailable,"$2,201.68 ","$1,430.36 ","$2,862.33 ","$1,903.84 ","$1,104.20 ",unavailable,unavailable
X2G Eight Extra Large,db.x2g.8xlarge,512,Aurora IO Optimization Mode,32,12 gigabit,"$3,807.68 ","$2,208.47 ","$3,807.68 ","$2,208.47 ",unavailable,unavailable,unavailable,unavailable,unavailable,unavailable,unavailable,unavailable,"$4,403.36 ","$2,860.65 ","$5,724.66 ","$3,807.68 ","$2,208.47 ",unavailable,unavailable
X2G Large,db.x2g.large,32,Aurora IO Optimization Mode,2,Up to 10 Gigabit,$237.98 ,$138.04 ,$237.98 ,$138.04 ,unavailable,unavailable,unavailable,unavailable,unavailable,unavailable,unavailable,unavailable,$275.21 ,$178.78 ,$357.70 ,$237.98 ,$138.04 ,unavailable,unavailable
X2G Extra Large,db.x2g.xlarge,64,Aurora IO Optimization Mode,4,Up to 10 Gigabit,$475.96 ,$276.09 ,$475.96 ,$276.09 ,unavailable,unavailable,unavailable,unavailable,unavailable,unavailable,unavailable,unavailable,$550.42 ,$357.55 ,$715.40 ,$475.96 ,$276.09 ,unavailable,unavailable
X2IDN 16xlarge Extra Large,db.x2idn.16xlarge,1024,1 x 1900 NVMe SSD,64,50 Gbps,unavailable,unavailable,unavailable,unavailable,unavailable,unavailable,unavailable,unavailable,unavailable,unavailable,unavailable,unavailable,unavailable,unavailable,unavailable,unavailable,unavailable,"$8,176.00 ","$5,886.72 "
X2IDN 24xlarge,db.x2idn.24xlarge,1536,2 x 1425 NVMe SSD,96,75 Gbps,unavailable,unavailable,unavailable,unavailable,unavailable,unavailable,unavailable,unavailable,unavailable,unavailable,unavailable,unavailable,unavailable,unavailable,unavailable,unavailable,unavailable,"$12,264.00 ","$8,830.08 "
X2IDN 32xlarge,db.x2idn.32xlarge,2048,2 x 1900 NVMe SSD,128,100 Gbps,unavailable,unavailable,unavailable,unavailable,unavailable,unavailable,unavailable,unavailable,unavailable,unavailable,unavailable,unavailable,unavailable,unavailable,unavailable,unavailable,unavailable,"$16,352.00 ","$11,773.44 "
X2IEDN 16xlarge Extra Large,db.x2iedn.16xlarge,2048,1 x 1900 NVMe SSD,64,50 Gbps,"$22,215.36 ",unavailable,"$22,215.36 ","$19,973.02 ",unavailable,unavailable,unavailable,unavailable,unavailable,unavailable,"$39,573.88 ",unavailable,unavailable,unavailable,unavailable,"$22,215.36 ","$19,973.02 ","$22,215.36 ","$19,779.35 "
X2IEDN 24xlarge,db.x2iedn.24xlarge,3072,EBS Only,96,75 Gbps,"$33,323.04 ",unavailable,"$33,323.04 ","$29,959.49 ",unavailable,unavailable,unavailable,unavailable,unavailable,unavailable,"$59,361.19 ",unavailable,unavailable,unavailable,unavailable,"$33,323.04 ","$29,959.49 ","$33,323.04 ","$29,669.10 "
X2IEDN Double Extra Large,db.x2iedn.2xlarge,256,1 x 237 NVMe SSD,8,Up to 25 Gbps,"$2,776.92 ",unavailable,"$2,776.92 ","$2,496.60 ",unavailable,unavailable,unavailable,unavailable,"$3,841.99 ","$3,611.47 ","$4,946.92 ",unavailable,unavailable,unavailable,unavailable,"$2,776.92 ","$2,496.60 ","$2,776.92 ","$2,472.44 "
X2IEDN 32xlarge,db.x2iedn.32xlarge,4096,2 x 1900 NVMe SSD,128,100 Gbps,"$44,430.72 ",unavailable,"$44,430.72 ","$39,945.97 ",unavailable,unavailable,unavailable,unavailable,unavailable,unavailable,"$79,148.50 ",unavailable,unavailable,unavailable,unavailable,"$44,430.72 ","$39,945.97 ","$44,430.72 ","$39,558.77 "
X2IEDN Quadruple Extra Large,db.x2iedn.4xlarge,512,1 x 475 NVMe SSD,16,Up to 25 Gbps,"$5,553.84 ",unavailable,"$5,553.84 ","$4,993.27 ",unavailable,unavailable,unavailable,unavailable,"$7,684.71 ","$7,223.63 ","$9,893.84 ",unavailable,unavailable,unavailable,unavailable,"$5,553.84 ","$4,993.27 ","$5,553.84 ","$4,944.87 "
X2IEDN Eight Extra Large,db.x2iedn.8xlarge,1024,1 x 950 NVMe SSD,32,25 Gbps,"$11,107.68 ",unavailable,"$11,107.68 ","$9,986.47 ",unavailable,unavailable,unavailable,unavailable,"$15,369.42 ","$14,447.25 ","$19,786.94 ",unavailable,unavailable,unavailable,unavailable,"$11,107.68 ","$9,986.47 ","$11,107.68 ","$9,889.68 "
X2IEDN Extra Large,db.x2iedn.xlarge,128,1 x 118 NVMe SSD,4,Up to 25 Gbps,"$1,388.46 ",unavailable,"$1,388.46 ","$1,248.30 ",unavailable,unavailable,unavailable,unavailable,"$1,921.36 ","$1,806.08 ","$2,473.09 ",unavailable,unavailable,unavailable,unavailable,"$1,388.46 ","$1,248.30 ","$1,388.46 ","$1,236.18 "
X2IEZN 12xlarge Extra Large,db.x2iezn.12xlarge,1536,EBS Only,48,100 Gbps,unavailable,unavailable,unavailable,unavailable,unavailable,unavailable,unavailable,unavailable,unavailable,unavailable,unavailable,unavailable,unavailable,unavailable,unavailable,unavailable,unavailable,"$13,296.95 ","$9,574.32 "
X2IEZN Double Extra Large,db.x2iezn.2xlarge,256,EBS Only,8,Up to 25 Gbps,unavailable,unavailable,unavailable,unavailable,unavailable,unavailable,unavailable,unavailable,unavailable,unavailable,unavailable,unavailable,unavailable,unavailable,unavailable,unavailable,unavailable,"$2,216.28 ","$1,595.71 "
X2IEZN Quadruple Extra Large,db.x2iezn.4xlarge,512,EBS Only,16,Up to 25 Gbps,unavailable,unavailable,unavailable,unavailable,unavailable,unavailable,unavailable,unavailable,unavailable,unavailable,unavailable,unavailable,unavailable,unavailable,unavailable,unavailable,unavailable,"$4,432.56 ","$3,191.41 "
X2IEZN 6xlarge,db.x2iezn.6xlarge,768,EBS Only,24,50 Gbps,unavailable,unavailable,unavailable,unavailable,unavailable,unavailable,unavailable,unavailable,unavailable,unavailable,unavailable,unavailable,unavailable,unavailable,unavailable,unavailable,unavailable,"$6,648.11 ","$4,787.19 "
X2IEZN Eight Extra Large,db.x2iezn.8xlarge,1024,EBS Only,32,75 Gbps,unavailable,unavailable,unavailable,unavailable,unavailable,unavailable,unavailable,unavailable,unavailable,unavailable,unavailable,unavailable,unavailable,unavailable,unavailable,unavailable,unavailable,"$8,864.39 ","$6,382.90 "
Z1D 12xlarge Extra Large,db.z1d.12xlarge,384,2 x 900 NVMe SSD,48,"25,000 Mbps",unavailable,unavailable,unavailable,unavailable,unavailable,unavailable,unavailable,unavailable,"$14,974.49 ","$14,150.76 ","$23,414.02 ",unavailable,unavailable,unavailable,unavailable,unavailable,unavailable,"$5,991.84 ","$4,089.46 "
Z1D Double Extra Large,db.z1d.2xlarge,64,1 x 300 NVMe SSD,8,"Up to 10,000 Mbps",unavailable,unavailable,unavailable,unavailable,unavailable,unavailable,"$1,592.86 ","$1,338.16 ","$2,495.87 ","$2,358.48 ","$3,902.58 ",unavailable,unavailable,unavailable,unavailable,unavailable,unavailable,$998.64 ,$681.60 
Z1D 3xlarge,db.z1d.3xlarge,96,1 x 450 NVMe SSD,12,"Up to 10,000 Mbps",unavailable,unavailable,unavailable,unavailable,unavailable,unavailable,"$2,390.02 ","$2,007.79 ","$3,743.44 ","$3,537.65 ","$5,853.14 ",unavailable,unavailable,unavailable,unavailable,unavailable,unavailable,"$1,497.96 ","$1,022.37 "
Z1D 6xlarge,db.z1d.6xlarge,192,1 x 900 NVMe SSD,24,"10,000 Mbps",unavailable,unavailable,unavailable,unavailable,unavailable,unavailable,unavailable,unavailable,"$7,486.88 ","$7,075.38 ","$11,707.01 ",unavailable,unavailable,unavailable,unavailable,unavailable,unavailable,"$2,995.92 ","$2,044.73 "
Z1D Large,db.z1d.large,16,1 x 75 NVMe SSD,2,"Up to 10,000 Mbps",unavailable,unavailable,unavailable,unavailable,unavailable,unavailable,$442.38 ,$371.28 ,$913.23 ,$862.79 ,unavailable,unavailable,unavailable,unavailable,unavailable,unavailable,unavailable,$249.66 ,$170.38 
Z1D Extra Large,db.z1d.xlarge,32,1 x 150 NVMe SSD,4,"Up to 10,000 Mbps",unavailable,unavailable,unavailable,unavailable,unavailable,unavailable,$797.16 ,$669.63 ,"$1,247.57 ","$1,179.24 ","$1,951.29 ",unavailable,unavailable,unavailable,unavailable,unavailable,unavailable,$498.59 ,$340.25 
